"species","Female_None_Mean","Female_None_SE","Female_None_Lower","Female_None_Upper","Female_Hormonal_Mean","Female_Hormonal_SE","Female_Hormonal_Lower","Female_Hormonal_Upper","Female_Immunological_Mean","Female_Immunological_SE","Female_Immunological_Lower","Female_Immunological_Upper","Female_Surgical_Mean","Female_Surgical_SE","Female_Surgical_Lower","Female_Surgical_Upper","Female_Undetermined_Mean","Female_Undetermined_SE","Female_Undetermined_Lower","Female_Undetermined_Upper","Male_None_Mean","Male_None_SE","Male_None_Lower","Male_None_Upper","Male_Hormonal_Mean","Male_Hormonal_SE","Male_Hormonal_Lower","Male_Hormonal_Upper","Male_Immunological_Mean","Male_Immunological_SE","Male_Immunological_Lower","Male_Immunological_Upper","Male_Surgical_Mean","Male_Surgical_SE","Male_Surgical_Lower","Male_Surgical_Upper","Male_Undetermined_Mean","Male_Undetermined_SE","Male_Undetermined_Lower","Male_Undetermined_Upper"
"Acinonyx jubatus",NA,NA,NA,NA,NA,NA,NA,NA,NA,NA,NA,NA,NA,NA,NA,NA,NA,NA,NA,NA,9.42347115346776,0.115983840970966,9.19806167746917,9.65917719418866,NA,NA,NA,NA,NA,NA,NA,NA,9.95896226321139,0.884157847573231,8.35350748806934,11.8244546437055,NA,NA,NA,NA
"Addax nasomaculatus",NA,NA,NA,NA,NA,NA,NA,NA,NA,NA,NA,NA,NA,NA,NA,NA,NA,NA,NA,NA,7.74435452596792,0.235922678331621,7.29219803438157,8.22046059417908,NA,NA,NA,NA,NA,NA,NA,NA,9.17321330433167,0.791120834386561,7.7067483716528,10.8403612505845,6.87626649748929,0.929532882801056,5.22133315365493,8.88721489854761
"Aepyceros melampus",NA,NA,NA,NA,NA,NA,NA,NA,NA,NA,NA,NA,NA,NA,NA,NA,NA,NA,NA,NA,5.21159215796803,0.229535491250415,4.78394334688703,5.68358474684031,NA,NA,NA,NA,NA,NA,NA,NA,7.67056728945647,0.869373063696114,6.16783879362898,9.60929882609664,NA,NA,NA,NA
"Ailurus fulgens",9.66457046221379,0.193535956728063,9.28601645527551,10.0423133093916,8.19579490543614,0.773658554680243,6.75527574495396,9.78690042081591,NA,NA,NA,NA,NA,NA,NA,NA,NA,NA,NA,NA,NA,NA,NA,NA,NA,NA,NA,NA,NA,NA,NA,NA,NA,NA,NA,NA,NA,NA,NA,NA
"Alouatta caraya",12.1539903246514,0.722169207544511,10.8021513947503,13.6738730314379,18.9661189681744,1.92740028511297,15.5002323016088,22.912885817121,NA,NA,NA,NA,NA,NA,NA,NA,18.3998735087436,1.58145633154718,15.4340186019012,21.7438455952008,13.4423397491114,0.627450715749679,12.2747748268262,14.6957601901339,NA,NA,NA,NA,NA,NA,NA,NA,13.9844328839492,2.08483812174621,10.3490250952219,18.3600262602932,NA,NA,NA,NA
"Ammotragus lervia",NA,NA,NA,NA,NA,NA,NA,NA,NA,NA,NA,NA,NA,NA,NA,NA,NA,NA,NA,NA,9.82427762438046,0.183544133835492,9.47248569853699,10.2051102578063,NA,NA,NA,NA,NA,NA,NA,NA,10.1922728842048,0.732260375588664,8.87530086897493,11.7169457615116,NA,NA,NA,NA
"Antidorcas marsupialis",NA,NA,NA,NA,NA,NA,NA,NA,NA,NA,NA,NA,NA,NA,NA,NA,NA,NA,NA,NA,4.44842229072848,0.18955462356268,4.100629407397,4.84123024004769,NA,NA,NA,NA,NA,NA,NA,NA,4.03642452359828,0.636908802923327,2.96659364606331,5.4550972698284,NA,NA,NA,NA
"Antilope cervicapra",NA,NA,NA,NA,NA,NA,NA,NA,NA,NA,NA,NA,NA,NA,NA,NA,NA,NA,NA,NA,5.59452896473842,0.132619695771582,5.34883700450681,5.86118856130809,NA,NA,NA,NA,NA,NA,NA,NA,9.46979785128426,0.718674723771796,8.17977083869548,10.9871998594774,NA,NA,NA,NA
"Aonyx cinereus",9.35805146089548,0.184289286459856,8.9924845135852,9.72078715433557,11.164200970673,0.97782058426896,9.41678893718672,13.228507909119,NA,NA,NA,NA,NA,NA,NA,NA,7.1387982828658,0.917869782146487,5.49540926716832,9.11731849990867,10.7989878628116,0.22624493512933,10.3711047432339,11.2481287439305,12.3874438832861,1.98160483119925,8.95861519270185,16.7030034218137,NA,NA,NA,NA,11.1557849121028,0.857700023547851,9.59255598785579,12.9242068687998,NA,NA,NA,NA
"Arctictis binturong",NA,NA,NA,NA,NA,NA,NA,NA,NA,NA,NA,NA,NA,NA,NA,NA,NA,NA,NA,NA,15.0164841146104,0.478776361694762,14.1089658728626,15.969333146558,NA,NA,NA,NA,NA,NA,NA,NA,15.6602636840033,1.86805885473194,12.2848434777803,19.6100557927357,NA,NA,NA,NA
"Artibeus jamaicensis",NA,NA,NA,NA,NA,NA,NA,NA,NA,NA,NA,NA,NA,NA,NA,NA,NA,NA,NA,NA,5.40887947211339,0.326143082883207,4.81049592233346,6.06523867650084,NA,NA,NA,NA,NA,NA,NA,NA,9.53929099555747,1.33634493997882,7.32206208281727,12.5811032998571,NA,NA,NA,NA
"Ateles fusciceps",26.2722336727823,3.04304332255224,22.2900170151031,34.6811022231045,33.6422973323049,11.5706970403852,19.7089821463713,60.7380330192187,NA,NA,NA,NA,NA,NA,NA,NA,NA,NA,NA,NA,NA,NA,NA,NA,NA,NA,NA,NA,NA,NA,NA,NA,NA,NA,NA,NA,NA,NA,NA,NA
"Ateles geoffroyi",23.0062816389641,0.790899223961081,21.5310134614512,24.6261768792519,24.662801562328,4.02426947209824,17.2962911783436,33.2142887634079,NA,NA,NA,NA,NA,NA,NA,NA,NA,NA,NA,NA,25.0364499939626,1.34340954454491,22.5596137917764,27.8852134623174,NA,NA,NA,NA,NA,NA,NA,NA,23.7934353703879,2.63144034046549,18.8979291586294,29.2559010087299,NA,NA,NA,NA
"Axis axis",12.2853391345835,0.317981975587494,11.7117596864352,12.9344604764436,11.2118413813325,1.45025958493375,8.67896315768069,14.3555225126318,NA,NA,NA,NA,NA,NA,NA,NA,NA,NA,NA,NA,15.6741909372758,3.72745275742333,11.5841655472733,25.9460910219595,NA,NA,NA,NA,NA,NA,NA,NA,8.84854091379747,2.10353165628253,6.102397796367,14.2948952778729,NA,NA,NA,NA
"Bison bison",15.4824897323846,0.244495167433066,15.0085617883599,15.9762559951506,NA,NA,NA,NA,19.0175469410301,2.76156530829411,14.1996733360562,25.0910879142132,NA,NA,NA,NA,NA,NA,NA,NA,12.3029347962344,0.335136042356059,11.6760523424712,12.9904104654233,NA,NA,NA,NA,NA,NA,NA,NA,12.8885071856153,0.999862155825256,11.0357271916359,15.0220094364513,NA,NA,NA,NA
"Bos grunniens",NA,NA,NA,NA,NA,NA,NA,NA,NA,NA,NA,NA,NA,NA,NA,NA,NA,NA,NA,NA,10.5816146498815,0.458961957348048,9.73294162207955,11.5324451729605,NA,NA,NA,NA,NA,NA,NA,NA,11.7986342238407,1.91192236202239,8.47044157833958,15.9987845435378,NA,NA,NA,NA
"Bos javanicus",NA,NA,NA,NA,NA,NA,NA,NA,NA,NA,NA,NA,NA,NA,NA,NA,NA,NA,NA,NA,10.6097665668987,0.479830866759884,9.75140136046208,11.6040323732478,NA,NA,NA,NA,NA,NA,NA,NA,8.66566920044496,1.68899332180459,5.89499076555167,12.3699404010698,NA,NA,NA,NA
"Bos taurus",NA,NA,NA,NA,NA,NA,NA,NA,NA,NA,NA,NA,NA,NA,NA,NA,NA,NA,NA,NA,10.6689165391457,0.338927918492799,10.013191673523,11.3451831168539,NA,NA,NA,NA,NA,NA,NA,NA,15.0015922842651,1.31432204435273,12.579323920077,17.7447480354136,14.3262609271367,2.57732307717733,10.0723406333662,20.0764897333086
"Boselaphus tragocamelus",NA,NA,NA,NA,NA,NA,NA,NA,NA,NA,NA,NA,NA,NA,NA,NA,NA,NA,NA,NA,10.321945992343,0.548890592465293,9.29433662159637,11.4776006907924,NA,NA,NA,NA,NA,NA,NA,NA,9.62140115925308,1.58158318067137,7.0144567481024,13.2283737577027,NA,NA,NA,NA
"Bubalus bubalis",NA,NA,NA,NA,NA,NA,NA,NA,NA,NA,NA,NA,NA,NA,NA,NA,NA,NA,NA,NA,10.1086610932317,0.670512793849482,8.84817826680012,11.498149641748,NA,NA,NA,NA,NA,NA,NA,NA,18.191142915432,2.29851569636493,13.8272737382277,22.7909566532761,NA,NA,NA,NA
"Callimico goeldii",9.42975200206861,0.28621552249154,8.89327958390422,10.0039313462018,8.76960821789137,1.39143991624485,6.39777007063675,11.8551094070812,NA,NA,NA,NA,NA,NA,NA,NA,NA,NA,NA,NA,NA,NA,NA,NA,NA,NA,NA,NA,NA,NA,NA,NA,NA,NA,NA,NA,NA,NA,NA,NA
"Callithrix geoffroyi",6.2187299644647,0.220801987331581,5.80567806234797,6.67863372621862,5.80297234037386,0.721546201817555,4.50871345590905,7.33739357249446,NA,NA,NA,NA,NA,NA,NA,NA,NA,NA,NA,NA,NA,NA,NA,NA,NA,NA,NA,NA,NA,NA,NA,NA,NA,NA,NA,NA,NA,NA,NA,NA
"Callithrix jacchus",6.98753887935134,0.183764013449647,6.63412056406286,7.36425934709928,7.42807828470119,0.980746858873379,5.77413300990531,9.5798477394146,NA,NA,NA,NA,NA,NA,NA,NA,NA,NA,NA,NA,7.80708565444637,0.175252930289467,7.46782717245264,8.15918757292393,NA,NA,NA,NA,NA,NA,NA,NA,11.2737390962463,1.42835428974399,8.81539416410881,14.4109887568435,NA,NA,NA,NA
"Camelus bactrianus",NA,NA,NA,NA,NA,NA,NA,NA,NA,NA,NA,NA,NA,NA,NA,NA,NA,NA,NA,NA,13.932489484416,0.386983223201995,13.2073307948497,14.703857065409,NA,NA,NA,NA,NA,NA,NA,NA,12.1192521506917,1.11702336531592,10.0913593986615,14.4696316280889,NA,NA,NA,NA
"Camelus dromedarius",NA,NA,NA,NA,NA,NA,NA,NA,NA,NA,NA,NA,NA,NA,NA,NA,NA,NA,NA,NA,14.6259617832108,0.535831909807866,13.6327578964259,15.7074010751701,NA,NA,NA,NA,NA,NA,NA,NA,14.9967526215439,1.63192489450354,12.049917732283,18.4581731457364,NA,NA,NA,NA
"Canis latrans",9.24409176697298,0.464849190692926,8.31891236437818,10.1480998777795,NA,NA,NA,NA,NA,NA,NA,NA,11.7308001659044,1.10617846165121,9.65764819163028,13.967887196382,NA,NA,NA,NA,8.10600399360659,0.457699503491874,7.21544286530902,9.00647807205799,NA,NA,NA,NA,NA,NA,NA,NA,11.2622768559436,0.91913196433203,9.54039127922198,13.0975035917012,NA,NA,NA,NA
"Canis lupus",9.9071801522318,0.14316144074454,9.62268434937483,10.1864902465687,7.05415105032031,0.743608438655987,5.7631896276259,8.60634110467197,NA,NA,NA,NA,10.8981960838675,0.524415087040288,9.91260970792744,11.9409141601622,10.9383708462874,1.11602628975199,8.92753085014219,13.3032259073904,10.2887817424226,0.14053168178869,10.0188924625866,10.5657349016402,NA,NA,NA,NA,NA,NA,NA,NA,10.0777137023955,0.407472541544917,9.31531508820241,10.9087671888155,10.7170066323323,1.19067617867355,8.60230728709286,13.1526499124036
"Capra aegagrus",NA,NA,NA,NA,NA,NA,NA,NA,NA,NA,NA,NA,NA,NA,NA,NA,NA,NA,NA,NA,7.63001359796902,0.352871366674553,6.97358517688289,8.35431996735402,NA,NA,NA,NA,NA,NA,NA,NA,10.342950957233,2.18282083281596,6.66840323052677,15.3046806397598,NA,NA,NA,NA
"Capra falconeri",NA,NA,NA,NA,NA,NA,NA,NA,NA,NA,NA,NA,NA,NA,NA,NA,NA,NA,NA,NA,6.91214548906537,0.243764331425305,6.45631978711998,7.40049055719197,NA,NA,NA,NA,NA,NA,NA,NA,7.41308309235688,1.11852618763311,5.43614084173847,9.85387691708469,NA,NA,NA,NA
"Capra hircus",9.32699127410796,0.0668588642277653,9.19818685319059,9.45639121982934,8.42654815418383,1.25708298842999,6.28368513980105,11.2410295384397,NA,NA,NA,NA,NA,NA,NA,NA,NA,NA,NA,NA,9.00665980896797,0.11833684711159,8.77928652021444,9.23440633541259,NA,NA,NA,NA,NA,NA,NA,NA,9.20723504755258,0.198659389360869,8.81976466068235,9.61179311947318,9.29517279000517,0.5169423415447,8.32618106400954,10.3322089625955
"Capra nubiana",NA,NA,NA,NA,NA,NA,NA,NA,NA,NA,NA,NA,NA,NA,NA,NA,NA,NA,NA,NA,7.24645833025085,0.24211952828767,6.7861359755666,7.73830180418419,NA,NA,NA,NA,NA,NA,NA,NA,8.85727405431322,1.09764276213966,6.93005467333685,11.2243740053207,NA,NA,NA,NA
"Carollia perspicillata",NA,NA,NA,NA,NA,NA,NA,NA,NA,NA,NA,NA,NA,NA,NA,NA,NA,NA,NA,NA,4.66668909969057,0.217517001987972,4.24873065075496,5.10113338410326,NA,NA,NA,NA,NA,NA,NA,NA,12.4454152272426,2.56697683039679,8.47061754223014,18.3408365348775,NA,NA,NA,NA
"Cavia porcellus",4.34501159058786,0.0564380334568231,4.23584806786148,4.45783310177813,NA,NA,NA,NA,NA,NA,NA,NA,3.4089366917815,0.400055322001779,2.69429688094838,4.2654764539896,NA,NA,NA,NA,3.91247244308072,0.0880445957356341,3.74347762855297,4.08480696689158,NA,NA,NA,NA,NA,NA,NA,NA,4.35174916087003,0.324472255388045,3.74611224969419,5.02673292271101,NA,NA,NA,NA
"Cebuella pygmaea",6.34750799333971,0.162773945259934,6.03559447992675,6.68022097702327,8.14905378492034,1.7912415169111,5.38010429914189,12.2100121038221,NA,NA,NA,NA,NA,NA,NA,NA,NA,NA,NA,NA,NA,NA,NA,NA,NA,NA,NA,NA,NA,NA,NA,NA,NA,NA,NA,NA,NA,NA,NA,NA
"Cebus capucinus",NA,NA,NA,NA,NA,NA,NA,NA,NA,NA,NA,NA,NA,NA,NA,NA,NA,NA,NA,NA,21.2023349995104,3.02598336504336,16.7435778064089,28.5379804662657,NA,NA,NA,NA,NA,NA,NA,NA,50.2997648396353,27.0215835781872,26.6671367110508,123.882151556457,NA,NA,NA,NA
"Cercopithecus neglectus",14.4316608118559,0.719647976175583,13.1051060957769,15.89831227957,18.1868385494455,4.08921151507203,11.3561921181255,27.3272640315629,NA,NA,NA,NA,NA,NA,NA,NA,NA,NA,NA,NA,NA,NA,NA,NA,NA,NA,NA,NA,NA,NA,NA,NA,NA,NA,NA,NA,NA,NA,NA,NA
"Cervus canadensis",13.740865918217,0.261662580527348,13.2157903798649,14.2526399868715,13.8703071361026,1.45783801924133,11.1794846116034,16.8511715134685,NA,NA,NA,NA,NA,NA,NA,NA,NA,NA,NA,NA,9.20614071110193,0.327087362570985,8.57949959924091,9.86731182193655,NA,NA,NA,NA,NA,NA,NA,NA,14.5310399365404,2.11959087977197,10.869845658659,19.0656658375113,NA,NA,NA,NA
"Cervus elaphus",NA,NA,NA,NA,NA,NA,NA,NA,NA,NA,NA,NA,NA,NA,NA,NA,NA,NA,NA,NA,8.67187334238866,0.368392778380656,7.97319304307094,9.41264564399536,NA,NA,NA,NA,NA,NA,NA,NA,7.78112563594922,0.853404760757286,6.25721752760084,9.57741999914031,NA,NA,NA,NA
"Cervus nippon",NA,NA,NA,NA,NA,NA,NA,NA,NA,NA,NA,NA,NA,NA,NA,NA,NA,NA,NA,NA,7.88370960914311,0.262022132124378,7.38508949797206,8.42050475521034,NA,NA,NA,NA,NA,NA,NA,NA,6.13147094776708,0.94522610028454,4.52328185874423,8.19512244993507,NA,NA,NA,NA
"Chinchilla lanigera",NA,NA,NA,NA,NA,NA,NA,NA,NA,NA,NA,NA,NA,NA,NA,NA,NA,NA,NA,NA,7.23407211716258,0.22899002143556,6.79466079598363,7.69986945526202,NA,NA,NA,NA,NA,NA,NA,NA,8.0951774840695,1.21144441651721,5.94077180103111,10.8273781284989,NA,NA,NA,NA
"Chlorocebus aethiops",NA,NA,NA,NA,NA,NA,NA,NA,NA,NA,NA,NA,NA,NA,NA,NA,NA,NA,NA,NA,14.8199707701512,0.911317586928546,13.225409842297,16.8467207891237,NA,NA,NA,NA,NA,NA,NA,NA,18.3750329493228,4.68073788972989,10.9775178157141,29.032284770987,NA,NA,NA,NA
"Chrysocyon brachyurus",NA,NA,NA,NA,NA,NA,NA,NA,NA,NA,NA,NA,NA,NA,NA,NA,NA,NA,NA,NA,NA,NA,NA,NA,NA,NA,NA,NA,NA,NA,NA,NA,NA,NA,NA,NA,NA,NA,NA,NA
"Colobus angolensis",12.6503627576559,1.669447302904,9.91651991955918,16.4757577434419,19.2855407356372,6.11633250881437,11.798830812337,34.6386993435467,NA,NA,NA,NA,NA,NA,NA,NA,NA,NA,NA,NA,NA,NA,NA,NA,NA,NA,NA,NA,NA,NA,NA,NA,NA,NA,NA,NA,NA,NA,NA,NA
"Colobus guereza",9.66816757240023,0.338426761836201,9.02067500387387,10.3311719626073,15.3687670233479,1.50758342454011,12.6503139262775,18.5221885865208,NA,NA,NA,NA,NA,NA,NA,NA,12.9453763132731,1.24915952256556,10.6457872529838,15.5528435152312,13.9395479427191,0.480783199723481,13.0446911503805,14.908275147626,NA,NA,NA,NA,NA,NA,NA,NA,14.1851196443955,1.73304043659284,11.0987512242428,17.9362295947484,NA,NA,NA,NA
"Connochaetes taurinus",NA,NA,NA,NA,NA,NA,NA,NA,NA,NA,NA,NA,NA,NA,NA,NA,NA,NA,NA,NA,7.445478472062,0.297899211312027,6.89043483464033,8.05067887169992,NA,NA,NA,NA,NA,NA,NA,NA,10.542687054966,0.968698386740261,8.73058984079458,12.5581798156823,6.27223310884148,1.47734744748321,3.80768872068881,9.5707694253084
"Crocuta crocuta",NA,NA,NA,NA,NA,NA,NA,NA,NA,NA,NA,NA,NA,NA,NA,NA,NA,NA,NA,NA,NA,NA,NA,NA,NA,NA,NA,NA,NA,NA,NA,NA,NA,NA,NA,NA,NA,NA,NA,NA
"Cynomys ludovicianus",5.67804297886384,0.160368399502959,5.38346659277479,6.00523790459883,NA,NA,NA,NA,NA,NA,NA,NA,4.67523296388612,0.70242321772088,3.49293237692957,6.22727183961391,NA,NA,NA,NA,5.30830761309665,0.175436527226285,4.98505557028777,5.66988391347953,NA,NA,NA,NA,NA,NA,NA,NA,4.94575909887709,0.458469586398946,4.1233777254,5.91780772301168,NA,NA,NA,NA
"Dama dama",NA,NA,NA,NA,NA,NA,NA,NA,NA,NA,NA,NA,NA,NA,NA,NA,NA,NA,NA,NA,7.91274815126085,0.248149627028045,7.45463464401695,8.42236821122168,NA,NA,NA,NA,NA,NA,NA,NA,9.40443745254499,1.17948101826819,7.35116512525908,11.9422696367452,4.94729839774612,1.00588931908088,3.32616551307701,7.24891620989083
"Damaliscus pygargus",NA,NA,NA,NA,NA,NA,NA,NA,NA,NA,NA,NA,NA,NA,NA,NA,NA,NA,NA,NA,6.22685799238436,0.246767398474478,5.75938764431836,6.71541016050563,NA,NA,NA,NA,NA,NA,NA,NA,6.73363675975459,1.06303055661919,4.94610597847153,9.09143174625964,NA,NA,NA,NA
"Desmodus rotundus",NA,NA,NA,NA,NA,NA,NA,NA,NA,NA,NA,NA,NA,NA,NA,NA,NA,NA,NA,NA,8.05209576180593,0.304427820953376,7.46637687768909,8.66321498301851,NA,NA,NA,NA,NA,NA,NA,NA,13.5069397252559,1.59368916760795,10.4372760030768,16.777817906968,NA,NA,NA,NA
"Didelphis virginiana",NA,NA,NA,NA,NA,NA,NA,NA,NA,NA,NA,NA,NA,NA,NA,NA,NA,NA,NA,NA,1.46873850291018,0.0537903497339747,1.36706899291186,1.57581417373607,NA,NA,NA,NA,NA,NA,NA,NA,2.27948943027745,0.26962281133088,1.81103439464493,2.88259069827898,NA,NA,NA,NA
"Dolichotis patagonum",NA,NA,NA,NA,NA,NA,NA,NA,NA,NA,NA,NA,NA,NA,NA,NA,NA,NA,NA,NA,5.55598010389596,0.137859045755365,5.29138670206804,5.83158167567384,NA,NA,NA,NA,NA,NA,NA,NA,7.28928166676954,0.939549955721288,5.66276726068765,9.28465645683359,NA,NA,NA,NA
"Eidolon helvum",17.8427213020056,0.543678563566738,16.8207888293512,18.9340431009594,NA,NA,NA,NA,NA,NA,NA,NA,19.944320867081,1.43019739865748,17.3258348230257,22.9659460616712,NA,NA,NA,NA,14.7420329787229,0.44369837666346,13.8929476988439,15.6268630572374,NA,NA,NA,NA,NA,NA,NA,NA,17.8391910761804,1.00015796521986,15.9180664960876,19.9646289829383,NA,NA,NA,NA
"Equus asinus",NA,NA,NA,NA,NA,NA,NA,NA,NA,NA,NA,NA,NA,NA,NA,NA,NA,NA,NA,NA,21.8461989602469,0.671331829772994,20.5702849319962,23.2129131900757,NA,NA,NA,NA,NA,NA,NA,NA,24.876913543506,1.04088049705702,22.9242758382859,26.9968176105045,NA,NA,NA,NA
"Equus caballus",NA,NA,NA,NA,NA,NA,NA,NA,NA,NA,NA,NA,NA,NA,NA,NA,NA,NA,NA,NA,18.6934189416286,0.386786453456754,17.9898608413964,19.497172421662,NA,NA,NA,NA,NA,NA,NA,NA,23.9347975350079,0.948269231498049,22.3095792061992,26.1257318531558,23.6647064445853,2.45274137022848,19.3052491549158,28.9267544716971
"Equus hemionus",NA,NA,NA,NA,NA,NA,NA,NA,NA,NA,NA,NA,NA,NA,NA,NA,NA,NA,NA,NA,11.2156176398757,0.854649772536128,9.75758965426728,13.1607978552563,NA,NA,NA,NA,NA,NA,NA,NA,30.0440953370721,13.5446411466215,15.316314333248,63.5726048747332,NA,NA,NA,NA
"Equus quagga",NA,NA,NA,NA,NA,NA,NA,NA,NA,NA,NA,NA,NA,NA,NA,NA,NA,NA,NA,NA,14.1406441191846,0.395002394636616,13.3976720780731,14.9267741392297,NA,NA,NA,NA,NA,NA,NA,NA,21.3044364950362,1.8375225280423,18.0598711455061,25.1550633636572,NA,NA,NA,NA
"Erythrocebus patas",14.0348734354093,0.476454594954197,13.1187319631947,14.9787278453706,14.6887082844082,1.80984497517384,11.4616797086369,18.5407454805929,NA,NA,NA,NA,NA,NA,NA,NA,NA,NA,NA,NA,11.0902295391826,0.561093448781081,10.0322857053232,12.2543860560377,NA,NA,NA,NA,NA,NA,NA,NA,11.5276018772948,1.61424561712142,8.76706738165077,15.1602706855463,NA,NA,NA,NA
"Eudorcas thomsonii",NA,NA,NA,NA,NA,NA,NA,NA,NA,NA,NA,NA,NA,NA,NA,NA,NA,NA,NA,NA,4.80545670983759,0.207190121662992,4.41767274070571,5.22696928305407,NA,NA,NA,NA,NA,NA,NA,NA,10.0708682845251,1.39865404543444,7.75746541300374,13.322364955121,NA,NA,NA,NA
"Eulemur coronatus",14.3453868679121,0.93857320661809,12.4935024419781,16.1964417595938,19.9708461524807,1.7766735216537,16.2567743984346,23.2919181596052,NA,NA,NA,NA,NA,NA,NA,NA,NA,NA,NA,NA,NA,NA,NA,NA,NA,NA,NA,NA,NA,NA,NA,NA,NA,NA,NA,NA,NA,NA,NA,NA
"Eulemur macaco",13.2096217809686,0.62326831638217,12.0013053842928,14.4685264131003,22.0108787933702,4.46215290986482,14.8056819050117,32.2839253650489,NA,NA,NA,NA,NA,NA,NA,NA,NA,NA,NA,NA,NA,NA,NA,NA,NA,NA,NA,NA,NA,NA,NA,NA,NA,NA,NA,NA,NA,NA,NA,NA
"Eulemur rubriventer",19.7297388779623,3.0218736175393,15.8665165957103,27.9108621394444,20.4294675088765,5.41386118989563,12.8179009246675,32.6859415849881,NA,NA,NA,NA,NA,NA,NA,NA,NA,NA,NA,NA,NA,NA,NA,NA,NA,NA,NA,NA,NA,NA,NA,NA,NA,NA,NA,NA,NA,NA,NA,NA
"Felis catus",12.7768856827654,0.329590666995014,12.1294119031991,13.4314108947671,NA,NA,NA,NA,NA,NA,NA,NA,16.0235120832716,0.867580105663984,14.4003882789335,17.7832219326004,NA,NA,NA,NA,9.52978913422058,0.445298840283205,8.65661414749483,10.4082964079916,NA,NA,NA,NA,NA,NA,NA,NA,13.3790936666417,0.955677006217472,11.5507657189175,15.3373064758921,14.8634167699648,2.04205181620588,11.0764693196613,19.1681164341151
"Giraffa camelopardalis",13.4468897938291,0.218269898850863,13.029506647779,13.8794418731316,16.393531282195,1.28976228205496,14.0254085794047,19.0328359870708,15.3664471748727,1.42323413666831,12.7718607052111,18.329387102579,NA,NA,NA,NA,16.2695820903994,1.20616122851307,14.0324158132713,18.7409519301975,10.2343641090948,0.208634669090473,9.83812792711687,10.6568441228546,NA,NA,NA,NA,13.5729196409074,3.21639896249934,8.47609882256474,21.0355463026483,12.7486540217953,0.990136335635532,10.9223191152182,14.7564839656705,NA,NA,NA,NA
"Gorilla gorilla",27.2543626598851,1.76033111548377,24.2511871172907,31.1940416360975,39.0093355950635,5.00317781104008,31.489398554474,50.4593018872209,NA,NA,NA,NA,NA,NA,NA,NA,34.6519865481054,3.79471580332382,28.6215234265689,43.7389546157594,NA,NA,NA,NA,NA,NA,NA,NA,NA,NA,NA,NA,NA,NA,NA,NA,NA,NA,NA,NA
"Hemitragus jemlahicus",NA,NA,NA,NA,NA,NA,NA,NA,NA,NA,NA,NA,NA,NA,NA,NA,NA,NA,NA,NA,7.48531600247544,0.383500753978114,6.79984898548305,8.31378696223464,NA,NA,NA,NA,NA,NA,NA,NA,9.66710242483743,1.36893282759713,7.34661874007135,12.6401519747129,NA,NA,NA,NA
"Hippopotamus amphibius",33.9463527245425,2.28906071747929,30.5399226151513,39.1681862128246,55.3603151578486,16.2929836452357,32.6655744543863,94.4457820093263,NA,NA,NA,NA,NA,NA,NA,NA,NA,NA,NA,NA,NA,NA,NA,NA,NA,NA,NA,NA,NA,NA,NA,NA,NA,NA,NA,NA,NA,NA,NA,NA
"Hippotragus niger",NA,NA,NA,NA,NA,NA,NA,NA,NA,NA,NA,NA,NA,NA,NA,NA,NA,NA,NA,NA,8.08685129274798,0.381015516276476,7.37481707046786,8.87020005022859,NA,NA,NA,NA,NA,NA,NA,NA,8.26316896945112,1.64995634919747,5.59318509726874,12.0482109141468,NA,NA,NA,NA
"Hydrochoerus hydrochaeris",5.89831346265379,0.131364480177016,5.64956267682445,6.15865901403316,5.98709134112012,1.09035835501204,4.18933870025081,8.41535438492148,NA,NA,NA,NA,NA,NA,NA,NA,NA,NA,NA,NA,5.6891982199348,0.153288414480516,5.40707003332946,6.00755072863321,NA,NA,NA,NA,NA,NA,NA,NA,5.41185354306961,0.482747376619272,4.54156757758361,6.40717817522662,NA,NA,NA,NA
"Hylobates lar",20.8078593379121,1.38795930152422,18.5316807371584,24.1573922396521,23.5597438133705,4.60626764195057,16.2852887127877,33.8903301870332,NA,NA,NA,NA,NA,NA,NA,NA,NA,NA,NA,NA,NA,NA,NA,NA,NA,NA,NA,NA,NA,NA,NA,NA,NA,NA,NA,NA,NA,NA,NA,NA
"Hystrix indica",NA,NA,NA,NA,NA,NA,NA,NA,NA,NA,NA,NA,NA,NA,NA,NA,NA,NA,NA,NA,15.7865067499136,0.60845834124374,14.6316088251043,17.0086273193841,NA,NA,NA,NA,NA,NA,NA,NA,17.7665456898369,3.19030119223381,12.4639698629599,24.7625727171155,NA,NA,NA,NA
"Kobus ellipsiprymnus",NA,NA,NA,NA,NA,NA,NA,NA,NA,NA,NA,NA,NA,NA,NA,NA,NA,NA,NA,NA,9.12096837239046,0.355236426732398,8.44606703992668,9.82846373976074,NA,NA,NA,NA,NA,NA,NA,NA,13.3881288154265,1.007423359724,11.5943564324218,15.5487889663121,NA,NA,NA,NA
"Kobus leche",NA,NA,NA,NA,NA,NA,NA,NA,NA,NA,NA,NA,NA,NA,NA,NA,NA,NA,NA,NA,7.8929828489043,0.374422573590662,7.18614412968435,8.64945229541481,NA,NA,NA,NA,NA,NA,NA,NA,11.1449548447873,2.10448923176167,7.8135507870749,15.9634102378566,NA,NA,NA,NA
"Kobus megaceros",NA,NA,NA,NA,NA,NA,NA,NA,NA,NA,NA,NA,NA,NA,NA,NA,NA,NA,NA,NA,7.18553526926763,0.269296666026728,6.67396527743986,7.73422989915848,NA,NA,NA,NA,NA,NA,NA,NA,8.1084541696394,0.914804245238861,6.49861086390813,10.0095034027575,NA,NA,NA,NA
"Lama glama",NA,NA,NA,NA,NA,NA,NA,NA,NA,NA,NA,NA,NA,NA,NA,NA,NA,NA,NA,NA,14.5479947878081,0.363625317660869,13.8555393649918,15.2850917786412,NA,NA,NA,NA,NA,NA,NA,NA,13.5128289120173,0.803434133177573,12.0669730371931,15.1636825999515,15.1796047970971,1.85590568450082,11.8707874942362,19.1208176299342
"Lama guanicoe",NA,NA,NA,NA,NA,NA,NA,NA,NA,NA,NA,NA,NA,NA,NA,NA,NA,NA,NA,NA,11.5511225655089,0.421436144721441,10.7395410819552,12.4120294752607,NA,NA,NA,NA,NA,NA,NA,NA,13.7601418399668,1.57702901967799,10.8335635089952,17.0005834961756,NA,NA,NA,NA
"Lemur catta",15.105017527689,0.236411538819113,14.6511834357323,15.5703290297412,18.2512949980695,1.08225164392911,16.231497283355,20.4602817209346,NA,NA,NA,NA,14.6945778615135,1.68938515092702,11.645732073815,18.2324028230154,15.2337780650999,1.36900130615724,12.6826384209941,18.1144576684256,16.7972192361022,0.307295355620765,16.2206341898773,17.4277769539699,14.6352861958031,3.7821038392124,8.69743430867892,23.1409686243365,NA,NA,NA,NA,17.988768242122,1.10978638516934,15.9671008109077,20.2112818659921,16.1531564493072,2.89137636777441,11.3729068637281,22.5011646743208
"Leontopithecus chrysomelas",7.87951493032663,0.293995203076933,7.32694610526143,8.47336508262491,10.9924349525613,1.17592033441178,8.81840326702624,13.502962304131,NA,NA,NA,NA,NA,NA,NA,NA,8.60850587628035,1.01907809740135,6.72644656480315,10.7218843460678,NA,NA,NA,NA,NA,NA,NA,NA,NA,NA,NA,NA,NA,NA,NA,NA,NA,NA,NA,NA
"Leontopithecus rosalia",9.22188822081601,0.301334930015565,8.64221091786169,9.81351912431314,10.7047270164443,0.916178206073895,9.03786081120653,12.5799400439045,NA,NA,NA,NA,NA,NA,NA,NA,8.93935182647605,0.779867099342527,7.52000645116833,10.5314636689578,NA,NA,NA,NA,NA,NA,NA,NA,NA,NA,NA,NA,NA,NA,NA,NA,NA,NA,NA,NA
"Leptailurus serval",12.6269894578643,0.428382010756175,11.8102099531936,13.4898027316839,NA,NA,NA,NA,NA,NA,NA,NA,13.4723180363371,1.87969146010667,10.153082952093,17.4175571492287,NA,NA,NA,NA,12.1124827630414,0.380654399920355,11.3891420876299,12.8840692361472,NA,NA,NA,NA,NA,NA,NA,NA,14.0479925546402,1.27885337076453,11.7337260236333,16.6879857559403,NA,NA,NA,NA
"Lycaon pictus",7.11958345396578,0.189952355898399,6.75718220986499,7.50250485119249,5.74081067258718,0.587914210058479,4.69912580048071,7.02893297754665,NA,NA,NA,NA,5.74217983784616,0.477213040881998,4.8822054412225,6.72127223478973,6.0437252369568,0.47468800729435,5.18434052501852,7.03095513837043,8.05075897437657,0.172603147067109,7.72302803170766,8.39094988832612,8.69961859041358,0.682296409014996,7.43488330450831,10.1123108754365,NA,NA,NA,NA,6.24673674893822,0.841419661371539,4.80937996604922,8.13041874700641,7.31880138837104,0.604232556497166,6.22201370035082,8.59632287177784
"Lynx lynx",13.5619757928522,0.325475315080397,12.9197947255422,14.2027399672715,15.7973303701053,2.54682574682091,11.4036647911849,21.4169160442507,NA,NA,NA,NA,NA,NA,NA,NA,NA,NA,NA,NA,14.0630773769847,0.31427236863291,13.4561433188633,14.6923020172929,NA,NA,NA,NA,NA,NA,NA,NA,12.2718435361085,0.906623571379551,10.6011323587847,14.0976101918938,NA,NA,NA,NA
"Lynx rufus",15.8282935640223,0.374585836003026,15.0953130788883,16.5513390612806,NA,NA,NA,NA,NA,NA,NA,NA,17.1113301670445,1.00318578132545,15.2109011707306,19.1388237688213,NA,NA,NA,NA,14.093901491243,0.366752479838249,13.3608760704611,14.7887778466649,NA,NA,NA,NA,NA,NA,NA,NA,16.7808610143813,0.788212288171898,15.3018749149789,18.3776372290512,NA,NA,NA,NA
"Macaca fascicularis",21.5407440601376,0.764414882175526,20.1868588097786,23.1556858022586,19.3482683817502,2.71275568775478,14.442608095602,25.1744617823452,NA,NA,NA,NA,22.4730554142013,2.42912965899948,18.1069762462796,27.7530377649531,NA,NA,NA,NA,13.4832358291475,0.804334166186378,12.0904602728314,15.2048693963164,NA,NA,NA,NA,NA,NA,NA,NA,15.3597144997496,3.0569348773857,10.5134912528649,22.8707485926711,NA,NA,NA,NA
"Macaca fuscata",16.9973677513653,0.431148400478884,16.1577687954098,17.8581725526813,18.7940127530092,1.37883780518728,16.2443156533251,21.7652724085637,NA,NA,NA,NA,28.3107162029273,3.55742823538563,22.0006874034179,36.0052040338485,17.7336065177921,1.57260156729693,14.8545760035346,20.9090247473235,13.80569743553,0.499077409612691,12.8706027264989,14.8325794750391,NA,NA,NA,NA,NA,NA,NA,NA,17.7582464308237,1.58497439020496,14.9245719184844,21.2264258327,17.4617438981025,3.03790823871528,12.2574396903782,24.0405160690275
"Macaca leonina",NA,NA,NA,NA,NA,NA,NA,NA,NA,NA,NA,NA,NA,NA,NA,NA,NA,NA,NA,NA,14.8106395741328,2.88960118948441,10.2256088221031,21.1771126358677,NA,NA,NA,NA,NA,NA,NA,NA,13.2858730856949,3.52526204315629,8.02089314588494,21.4747939958167,NA,NA,NA,NA
"Macaca mulatta",18.1068209350526,0.529772888587042,17.0643026202782,19.1550134588072,NA,NA,NA,NA,NA,NA,NA,NA,25.8735429918139,3.94795078540593,18.4228648720527,33.7104250688674,NA,NA,NA,NA,14.2413016297907,0.703058916232491,12.954556298176,15.6630020852488,NA,NA,NA,NA,NA,NA,NA,NA,21.6297563943819,1.97134831883743,18.0316375956113,25.7029713739512,NA,NA,NA,NA
"Macaca nemestrina",NA,NA,NA,NA,NA,NA,NA,NA,NA,NA,NA,NA,NA,NA,NA,NA,NA,NA,NA,NA,16.9733395450081,1.18358978197578,14.9591376601818,19.5045600602322,NA,NA,NA,NA,NA,NA,NA,NA,21.8321941454571,4.17724205551223,15.0149674141103,31.234374450837,NA,NA,NA,NA
"Macaca nigra",12.5457063046534,0.601110898090902,11.4028407129301,13.7847071088516,11.7859252663137,1.40016566344157,9.21268174163231,14.7114377719409,NA,NA,NA,NA,NA,NA,NA,NA,NA,NA,NA,NA,11.7695725880005,0.686463256294781,10.5013947581937,13.1826332369724,NA,NA,NA,NA,NA,NA,NA,NA,7.75284946130505,0.987653297935242,6.04607812292689,9.91188033193989,NA,NA,NA,NA
"Macaca silenus",17.66476640234,0.639670110097939,16.4837950631122,18.9747999190028,18.7821160220241,2.54905132458324,14.1685279161453,24.27558467785,NA,NA,NA,NA,NA,NA,NA,NA,NA,NA,NA,NA,14.7310187484868,0.59562980429586,13.6050709513605,15.9369843203436,NA,NA,NA,NA,NA,NA,NA,NA,15.4668938291226,1.61483612487351,12.5100686092369,18.8548463286331,NA,NA,NA,NA
"Macaca sylvanus",13.2330132606335,0.519239912171205,12.2530949519648,14.3071466219164,16.4344196074941,1.28360296647252,14.1718388666379,19.0732681408045,NA,NA,NA,NA,NA,NA,NA,NA,NA,NA,NA,NA,11.5454809673133,0.624050978410655,10.4303342834423,12.8961484806995,NA,NA,NA,NA,NA,NA,NA,NA,15.9480658236989,1.5277877229821,13.3534982828609,19.3921991159069,NA,NA,NA,NA
"Macaca tonkeana",15.3793338927584,1.43679835380291,12.7162725288036,18.3001191693099,9.94997130040641,2.0426942880279,6.30334067020274,14.324570529375,NA,NA,NA,NA,NA,NA,NA,NA,NA,NA,NA,NA,12.8112811746074,1.11048096078784,10.7482685429436,15.0415918015891,NA,NA,NA,NA,NA,NA,NA,NA,13.3652690766203,2.13721565007363,9.36825457554056,17.7633625584017,NA,NA,NA,NA
"Macropus eugenii",NA,NA,NA,NA,NA,NA,NA,NA,NA,NA,NA,NA,NA,NA,NA,NA,NA,NA,NA,NA,4.60312384931491,0.200530200254314,4.22984189477936,5.002409960384,NA,NA,NA,NA,NA,NA,NA,NA,6.88915317346475,1.3070493341185,4.78059117426323,9.84676905615276,NA,NA,NA,NA
"Macropus fuliginosus",NA,NA,NA,NA,NA,NA,NA,NA,NA,NA,NA,NA,NA,NA,NA,NA,NA,NA,NA,NA,7.1225263587511,0.382014225578954,6.42809723495965,7.91706074347794,NA,NA,NA,NA,NA,NA,NA,NA,8.45453023310712,1.11087249946246,6.57492441562342,10.9214957668886,NA,NA,NA,NA
"Macropus giganteus",NA,NA,NA,NA,NA,NA,NA,NA,NA,NA,NA,NA,NA,NA,NA,NA,NA,NA,NA,NA,4.0259003183612,0.195776663048444,3.65225717354387,4.41992363680113,NA,NA,NA,NA,NA,NA,NA,NA,9.13885060740273,1.06346253810119,7.32007019250686,11.5339056431202,NA,NA,NA,NA
"Macropus parma",NA,NA,NA,NA,NA,NA,NA,NA,NA,NA,NA,NA,NA,NA,NA,NA,NA,NA,NA,NA,4.95385234528755,0.185738863383286,4.61388082938099,5.35932636048584,NA,NA,NA,NA,NA,NA,NA,NA,6.58958702762226,1.20229096105333,4.69609206383158,9.38206065307287,NA,NA,NA,NA
"Macropus robustus",NA,NA,NA,NA,NA,NA,NA,NA,NA,NA,NA,NA,NA,NA,NA,NA,NA,NA,NA,NA,6.37203193912093,0.360449987028354,5.71660291838009,7.10955845453676,NA,NA,NA,NA,NA,NA,NA,NA,6.71940829470996,1.0420973659754,4.97258883225864,9.00741239067866,NA,NA,NA,NA
"Macropus rufogriseus",NA,NA,NA,NA,NA,NA,NA,NA,NA,NA,NA,NA,NA,NA,NA,NA,NA,NA,NA,NA,5.74620493927303,0.116035181315208,5.52993146692491,5.98119373854796,NA,NA,NA,NA,NA,NA,NA,NA,7.03223098994937,0.401386329674647,6.30849070247168,7.84935246100668,4.34780946458442,0.612965723784221,3.30525078963086,5.69559287743331
"Macropus rufus",7.00653156506744,0.105652839878322,6.79821287909603,7.21177355639834,6.71374156451759,0.931392957620848,5.12191716267171,8.77882421515107,NA,NA,NA,NA,NA,NA,NA,NA,NA,NA,NA,NA,5.42320848556932,0.122906424732808,5.18569701789037,5.66320987213697,NA,NA,NA,NA,NA,NA,NA,NA,6.66648876908078,0.382158831408375,5.94094601590815,7.45370755237957,NA,NA,NA,NA
"Mephitis mephitis",5.65633045941306,0.150365642814669,5.36583953744836,5.95987399001106,NA,NA,NA,NA,NA,NA,NA,NA,7.51185548608229,0.719212454654556,6.21859471348658,8.99278276859543,NA,NA,NA,NA,5.53801935845903,0.19127894307081,5.17569630823947,5.92784702872809,NA,NA,NA,NA,NA,NA,NA,NA,5.81009950949091,0.442513299828507,5.0074178215058,6.73632446178954,NA,NA,NA,NA
"Mungos mungo",NA,NA,NA,NA,NA,NA,NA,NA,NA,NA,NA,NA,NA,NA,NA,NA,NA,NA,NA,NA,9.28875883284949,0.283300316306933,8.74745892546566,9.87082167564473,NA,NA,NA,NA,NA,NA,NA,NA,9.31477127505301,1.64891120760228,6.54593633969795,12.9575409828266,NA,NA,NA,NA
"Muntiacus reevesi",8.72213569831226,0.193094124014046,8.35097083826785,9.11451281224774,9.49020073549858,1.38504515834808,7.11020260253334,12.5803207188388,NA,NA,NA,NA,NA,NA,NA,NA,NA,NA,NA,NA,7.98944112200951,0.2361459697556,7.54316723914792,8.45623021910905,NA,NA,NA,NA,NA,NA,NA,NA,12.8571219891512,1.43077802765165,10.2775537129596,15.94012650418,NA,NA,NA,NA
"Mustela nigripes",5.14637215368231,0.0998429301433747,4.95289126016248,5.34657748146197,NA,NA,NA,NA,NA,NA,NA,NA,5.10381280292557,0.258320518110333,4.60695709630162,5.61641067362298,NA,NA,NA,NA,4.51157833151136,0.0865551186894166,4.34442263191548,4.68568577423378,NA,NA,NA,NA,NA,NA,NA,NA,4.31420221955783,0.201268813476047,3.93395868316061,4.71634373940385,NA,NA,NA,NA
"Mustela putorius",5.35506612862043,0.116397045169652,5.13020431706217,5.59044834584296,3.98897351142441,0.645331520053706,2.90954267045327,5.44187826414661,NA,NA,NA,NA,6.26806928339998,0.333407300822062,5.64714090249848,6.97512037061436,6.58471916784729,0.824746328925127,5.09241839402053,8.31698703030733,5.05008882874089,0.108501396580049,4.83593973904251,5.26668596602442,NA,NA,NA,NA,NA,NA,NA,NA,4.7552633122554,0.209377436246331,4.35739428213565,5.18820664996888,4.58478192298347,0.635235943383444,3.46186815573444,5.95243637524091
"Myocastor coypus",NA,NA,NA,NA,NA,NA,NA,NA,NA,NA,NA,NA,NA,NA,NA,NA,NA,NA,NA,NA,2.67210105212895,0.150916324300936,2.39103306859888,2.98390364077292,NA,NA,NA,NA,NA,NA,NA,NA,2.98983903300377,0.611512542843689,2.00095844184342,4.3951447944603,NA,NA,NA,NA
"Nasua narica",NA,NA,NA,NA,NA,NA,NA,NA,NA,NA,NA,NA,NA,NA,NA,NA,NA,NA,NA,NA,9.83522471328953,0.522690558545733,8.85699731725256,10.9144273822102,NA,NA,NA,NA,NA,NA,NA,NA,9.6673938325334,0.965710178413661,7.94657704767122,11.7495565696495,NA,NA,NA,NA
"Nasua nasua",9.59784327839925,0.187475866049986,9.24235705026122,9.96816039121268,9.68503739164644,1.35647037475053,7.31521381556942,12.712941059878,NA,NA,NA,NA,10.327158634476,1.5695299223427,7.70330565735818,13.8167560729725,8.07743203667064,0.915626925611683,6.45744080593403,10.0404840384852,8.80278503597818,0.257822329502156,8.30108117878581,9.31448340101522,NA,NA,NA,NA,NA,NA,NA,NA,10.0195401407028,0.719114237871326,8.69859570427541,11.4897998441051,8.76215330819042,1.47881432520279,6.35621017247864,12.0158262532463
"Neofelis nebulosa",NA,NA,NA,NA,NA,NA,NA,NA,NA,NA,NA,NA,NA,NA,NA,NA,NA,NA,NA,NA,NA,NA,NA,NA,NA,NA,NA,NA,NA,NA,NA,NA,NA,NA,NA,NA,NA,NA,NA,NA
"Nyctereutes procyonoides",NA,NA,NA,NA,NA,NA,NA,NA,NA,NA,NA,NA,NA,NA,NA,NA,NA,NA,NA,NA,9.14361185369377,0.4011886594396,8.39282679725282,9.97076890303526,NA,NA,NA,NA,NA,NA,NA,NA,7.86660647473816,1.39626609884593,5.51367775768428,10.9774617923424,NA,NA,NA,NA
"Octodon degus",4.34744697252059,0.197424019510082,3.98249239626605,4.74598812754877,5.85846261018993,0.94745800001164,4.28852962712775,7.99057564919971,NA,NA,NA,NA,NA,NA,NA,NA,NA,NA,NA,NA,3.61930741609112,0.173999852927326,3.288752091235,3.9790398130708,NA,NA,NA,NA,NA,NA,NA,NA,3.40808299297755,0.327952835062384,2.81507447511064,4.09862363697562,NA,NA,NA,NA
"Odocoileus virginianus",NA,NA,NA,NA,NA,NA,NA,NA,NA,NA,NA,NA,NA,NA,NA,NA,NA,NA,NA,NA,8.17132626355261,0.28784803201083,7.63110493288531,8.76912549557586,NA,NA,NA,NA,NA,NA,NA,NA,10.4303804179187,0.953912596304042,8.69682575431456,12.4226303979267,NA,NA,NA,NA
"Oryctolagus cuniculus",4.76209360376344,0.0897436899537548,4.58987095220068,4.94096036849736,NA,NA,NA,NA,NA,NA,NA,NA,6.51454261944342,0.378912395836241,5.8242655328557,7.30955893882724,6.27615325003533,0.990366259666134,4.62671305770203,8.5587137903252,5.46744333113646,0.129351540551987,5.22208815622485,5.72432586012188,NA,NA,NA,NA,NA,NA,NA,NA,6.09460382763326,0.266965581549169,5.6023270793592,6.64175213902747,4.99091226356243,0.689673733244087,3.7863083775684,6.55705859842109
"Oryx dammah",NA,NA,NA,NA,NA,NA,NA,NA,NA,NA,NA,NA,NA,NA,NA,NA,NA,NA,NA,NA,8.69109815646972,0.187161914629421,8.34172036818965,9.07418722524665,NA,NA,NA,NA,NA,NA,NA,NA,12.4411042299691,0.842842437977104,10.9035239876849,14.2111791687381,NA,NA,NA,NA
"Oryx gazella",NA,NA,NA,NA,NA,NA,NA,NA,NA,NA,NA,NA,NA,NA,NA,NA,NA,NA,NA,NA,8.47700094879112,0.329249681896456,7.8612846178288,9.15471993714974,NA,NA,NA,NA,NA,NA,NA,NA,11.9067511585545,1.32335505813895,9.44038937565032,14.5742987735915,NA,NA,NA,NA
"Ovis aries",NA,NA,NA,NA,NA,NA,NA,NA,NA,NA,NA,NA,NA,NA,NA,NA,NA,NA,NA,NA,8.00280495810449,0.178928842812851,7.65593592745462,8.36878569639354,NA,NA,NA,NA,NA,NA,NA,NA,10.9970808532516,0.638168466874424,9.82373032398445,12.3016061901463,15.0250921320199,1.95843063262376,11.708718686642,19.2775214312718
"Ovis canadensis",NA,NA,NA,NA,NA,NA,NA,NA,NA,NA,NA,NA,NA,NA,NA,NA,NA,NA,NA,NA,6.3037158889282,0.268732760826907,5.79074639667454,6.85695389489526,NA,NA,NA,NA,NA,NA,NA,NA,9.76434693016956,1.18351408606703,7.67292063091559,12.2930003826222,NA,NA,NA,NA
"Pan paniscus",49.9305906293658,22.1052617477468,27.009393160186,109.420576948989,33.2576469007717,16.3668008537051,15.2382492203271,77.0265704242512,NA,NA,NA,NA,NA,NA,NA,NA,NA,NA,NA,NA,NA,NA,NA,NA,NA,NA,NA,NA,NA,NA,NA,NA,NA,NA,NA,NA,NA,NA,NA,NA
"Pan troglodytes",31.7616728872144,0.951844026362066,29.939735384239,33.6580716013594,37.235097444696,2.32992159745432,32.8818034210789,42.1624838431717,NA,NA,NA,NA,NA,NA,NA,NA,31.0940266604051,2.18156371148867,26.9941012305092,35.6899356213181,26.2918170346074,1.00647530097562,24.5250879205744,28.5025569086122,NA,NA,NA,NA,NA,NA,NA,NA,41.4432490195229,3.753833073609,35.1948417487143,49.8415951607238,23.2363139958455,3.8269061738104,16.5164289081659,31.6329136949587
"Panthera leo",13.1426146330775,0.195795609802322,12.7628498615611,13.5262950804729,15.5576965844995,0.739427396877834,14.1709382713742,17.0894346498307,NA,NA,NA,NA,13.3756633422389,0.706378199035122,12.0539243346749,14.8267497102544,12.3560750092329,0.508815039207133,11.3975246821056,13.4167393858633,14.2437393147025,0.225686844248821,13.8046595929765,14.6759985985955,NA,NA,NA,NA,NA,NA,NA,NA,12.4767954656734,0.652684791915264,11.2441678745147,13.8360260780946,11.7028879438414,1.21247758371563,9.52979434490553,14.314765606859
"Panthera onca",15.3713132622322,0.351166532310686,14.6970554024416,16.0858897277004,15.6746701512618,1.55161243523799,12.8148309685367,18.9782511406162,NA,NA,NA,NA,NA,NA,NA,NA,NA,NA,NA,NA,NA,NA,NA,NA,NA,NA,NA,NA,NA,NA,NA,NA,NA,NA,NA,NA,NA,NA,NA,NA
"Panthera pardus",14.6783537409199,0.316110212974017,14.068901958127,15.3153458537148,15.0155719134044,2.04135537155952,11.4676795106514,19.3453926588444,NA,NA,NA,NA,13.5206063476799,1.47304432986107,10.9082996640747,16.6480498110392,11.2942683380236,1.17675391664947,9.16022006289439,13.7891814448554,15.4138787146829,0.332799142755056,14.7656186777667,16.0626725577245,NA,NA,NA,NA,NA,NA,NA,NA,12.0673494566199,1.63632853275312,9.2906429338596,15.5893437139413,NA,NA,NA,NA
"Panthera tigris",12.5058180370038,0.154833379216821,12.1996806261486,12.813696201989,12.2804280971936,0.781856703435055,10.8466002743459,13.8941671055727,NA,NA,NA,NA,12.2197449968918,0.71962898229952,10.8755736358527,13.7025230846402,10.6092153504247,0.60724386882022,9.50737873562044,11.8624286530669,12.5710869917627,0.170974410286111,12.2433699849355,12.9185201504236,NA,NA,NA,NA,NA,NA,NA,NA,10.9276105087646,0.616159056385058,9.76071716394418,12.166206610186,10.5549842891643,0.885308125849092,8.92561589158984,12.4356923745601
"Panthera uncia",12.3310332683262,0.233036774584352,11.8825854905857,12.7933165704009,NA,NA,NA,NA,NA,NA,NA,NA,NA,NA,NA,NA,12.4033576209265,0.768761674986981,10.9873883648304,13.947935667743,NA,NA,NA,NA,NA,NA,NA,NA,NA,NA,NA,NA,NA,NA,NA,NA,NA,NA,NA,NA
"Papio anubis",NA,NA,NA,NA,NA,NA,NA,NA,NA,NA,NA,NA,NA,NA,NA,NA,NA,NA,NA,NA,14.3398952236523,1.34800362079008,12.0319098749612,17.356592299255,NA,NA,NA,NA,NA,NA,NA,NA,31.0381060929107,9.31552467047431,19.7911514639954,55.7592198827741,NA,NA,NA,NA
"Papio hamadryas",14.9727311474727,0.31566604423443,14.3623579312458,15.5698862829636,19.733504488676,0.876382140718562,18.0545543955087,21.5013009586301,NA,NA,NA,NA,19.3233905482932,1.01150708380501,17.4393240767569,21.4213466235163,17.694062679696,1.13770916280466,15.5825809713812,19.9433549926687,12.2080159558034,0.320394674465389,11.60025740674,12.8480077537275,NA,NA,NA,NA,NA,NA,NA,NA,17.5563195689215,0.984923173498559,15.7195627371313,19.6106551098172,15.9051798026815,1.63142871488964,12.9976596739728,19.3786583320196
"Papio papio",15.7941363428785,0.736991531208969,14.4425267998584,17.3080689530133,15.5889780650265,2.0245071792915,11.9455232006027,19.9105443288576,NA,NA,NA,NA,NA,NA,NA,NA,NA,NA,NA,NA,12.3854266193541,0.637323154104883,11.1950640891553,13.6768891170012,NA,NA,NA,NA,NA,NA,NA,NA,11.2451079016082,1.88388431798136,7.89672167936773,15.3637012765417,NA,NA,NA,NA
"Pecari tajacu",NA,NA,NA,NA,NA,NA,NA,NA,NA,NA,NA,NA,NA,NA,NA,NA,NA,NA,NA,NA,10.0552619020305,0.350588888656609,9.38736941561155,10.758836266925,NA,NA,NA,NA,NA,NA,NA,NA,17.4387701696729,1.58363739633441,14.5148703062343,20.7593947531086,NA,NA,NA,NA
"Petaurus breviceps",NA,NA,NA,NA,NA,NA,NA,NA,NA,NA,NA,NA,NA,NA,NA,NA,NA,NA,NA,NA,7.82438926283351,0.227117035595545,7.40003019613042,8.27101728217246,NA,NA,NA,NA,NA,NA,NA,NA,6.81893266584881,0.661055452479983,5.61382718831659,8.23128416661466,NA,NA,NA,NA
"Petrogale xanthopus",5.91871448694439,0.19838103106538,5.531131910306,6.32277993120695,6.26857907437793,0.865538786686314,4.73542745292185,8.10292734026463,NA,NA,NA,NA,NA,NA,NA,NA,NA,NA,NA,NA,4.16784927326465,0.173557080395688,3.82772358846398,4.50615468165897,NA,NA,NA,NA,NA,NA,NA,NA,6.3906852862961,0.659829871820343,5.195590421796,7.7789053894561,NA,NA,NA,NA
"Phacochoerus africanus",9.41744886855586,0.324412660074058,8.80131964745398,10.0609449144475,10.1104254848545,1.18592608983321,8.0121883721956,12.586597705704,NA,NA,NA,NA,NA,NA,NA,NA,NA,NA,NA,NA,8.56651714168794,0.314471779455805,7.96357593162146,9.19723907035688,NA,NA,NA,NA,NA,NA,NA,NA,8.61173587379249,1.25618342682837,6.39269995630579,11.2753046933142,NA,NA,NA,NA
"Phascolarctos cinereus",NA,NA,NA,NA,NA,NA,NA,NA,NA,NA,NA,NA,NA,NA,NA,NA,NA,NA,NA,NA,4.85541160063845,0.138581858121095,4.58593235766913,5.13117324393316,NA,NA,NA,NA,NA,NA,NA,NA,10.9227443776057,1.72235142025845,7.9926903189165,14.6021724601191,NA,NA,NA,NA
"Pithecia pithecia",10.0140330877147,0.587100131117757,8.9477027520669,11.2262487105865,15.8092389413091,2.41615552791994,11.7220361720936,21.0491265962344,NA,NA,NA,NA,NA,NA,NA,NA,14.8674088757524,2.22589352967728,11.1745785428293,19.699270932277,13.566303994653,0.769339834980347,12.2889375852271,15.2471813839087,NA,NA,NA,NA,NA,NA,NA,NA,16.4873658353779,3.24034934622805,11.2098949954406,23.7962993459911,NA,NA,NA,NA
"Pongo abelii",27.9427296193296,2.35111606278086,24.3587774355573,33.2233278808349,36.2727623972941,6.06141301166893,26.7809268978021,50.706175289109,NA,NA,NA,NA,NA,NA,NA,NA,NA,NA,NA,NA,NA,NA,NA,NA,NA,NA,NA,NA,NA,NA,NA,NA,NA,NA,NA,NA,NA,NA,NA,NA
"Pongo pygmaeus",28.5889252465887,2.22119356356457,24.937179669516,33.5211325633697,40.1317391597937,6.27361438617305,30.9027865734166,56.0557947352896,NA,NA,NA,NA,NA,NA,NA,NA,37.5124622280538,6.34684537024498,27.9352428770993,51.6443019004293,NA,NA,NA,NA,NA,NA,NA,NA,NA,NA,NA,NA,NA,NA,NA,NA,NA,NA,NA,NA
"Potamochoerus porcus",9.33799097914357,0.308701732332104,8.74228099380717,9.96001026274732,9.09006819139803,0.969373791362385,7.30101526422846,11.1131551742666,NA,NA,NA,NA,NA,NA,NA,NA,NA,NA,NA,NA,9.51624925954473,0.33064206391845,8.87950770369882,10.1949996702802,NA,NA,NA,NA,NA,NA,NA,NA,10.6471151187191,1.24157014154989,8.4478919794346,13.3232768332617,NA,NA,NA,NA
"Potos flavus",NA,NA,NA,NA,NA,NA,NA,NA,NA,NA,NA,NA,NA,NA,NA,NA,NA,NA,NA,NA,21.5622275820366,1.09074590443546,19.4837018808932,23.7150443349571,NA,NA,NA,NA,NA,NA,NA,NA,28.7957686030882,4.01014404182106,21.5493744942628,37.0066419135599,NA,NA,NA,NA
"Procavia capensis",NA,NA,NA,NA,NA,NA,NA,NA,NA,NA,NA,NA,NA,NA,NA,NA,NA,NA,NA,NA,4.07346792879541,0.130241347442385,3.8249014008867,4.33493087643431,5.51240636745858,0.837673823299664,4.10345673722262,7.3637830693442,NA,NA,NA,NA,4.32400566397092,0.614370541202596,3.23895710042647,5.6596928032077,NA,NA,NA,NA
"Procyon lotor",10.7429530653359,0.240549504808804,10.2700155590296,11.2327830011089,NA,NA,NA,NA,NA,NA,NA,NA,11.9944150053819,0.917524728942095,10.3180147774295,13.8500781497836,NA,NA,NA,NA,9.22610214715109,0.253396952154187,8.73687286229772,9.73759499650474,NA,NA,NA,NA,NA,NA,NA,NA,11.7877267494457,0.679193584810031,10.5457067837364,13.1985139289101,8.89790320743955,1.07929420246137,6.98638346360669,11.1693535485624
"Propithecus coquereli",6.34355143931026,1.19311010382276,4.22093245719932,8.89322552975451,13.3510281353326,1.36358144045604,10.642360089485,15.9490757027518,NA,NA,NA,NA,NA,NA,NA,NA,NA,NA,NA,NA,NA,NA,NA,NA,NA,NA,NA,NA,NA,NA,NA,NA,NA,NA,NA,NA,NA,NA,NA,NA
"Pseudocheirus peregrinus",NA,NA,NA,NA,NA,NA,NA,NA,NA,NA,NA,NA,NA,NA,NA,NA,NA,NA,NA,NA,0.113714148992567,0.00430464381630402,0.106821962829415,0.12350626613838,NA,NA,NA,NA,NA,NA,NA,NA,4.75740929944546,0.905847654232798,3.13990802332689,6.60821932359509,NA,NA,NA,NA
"Pteropus rodricensis",11.3429039812978,0.331896450836547,10.713667680761,11.9859191687456,13.4998474350031,1.64610097495203,10.613829313783,16.9936818852823,NA,NA,NA,NA,NA,NA,NA,NA,NA,NA,NA,NA,NA,NA,NA,NA,NA,NA,NA,NA,NA,NA,NA,NA,NA,NA,NA,NA,NA,NA,NA,NA
"Puma concolor",12.6757103168158,0.248114195636748,12.1802018296976,13.1495070648397,NA,NA,NA,NA,NA,NA,NA,NA,14.8436052869614,0.864492302636794,13.2245370597454,16.6401255728026,NA,NA,NA,NA,11.5641566032526,0.240496305434542,11.0870153492474,12.0478521032837,NA,NA,NA,NA,NA,NA,NA,NA,13.6780542650286,0.683516140086294,12.3630894926428,15.0437784463272,NA,NA,NA,NA
"Rangifer tarandus",NA,NA,NA,NA,NA,NA,NA,NA,NA,NA,NA,NA,NA,NA,NA,NA,NA,NA,NA,NA,5.7546610310745,0.171010458263564,5.42710515531426,6.09493256614689,NA,NA,NA,NA,NA,NA,NA,NA,8.11336346571665,0.978224427239526,6.36577306908953,10.1924577950749,NA,NA,NA,NA
"Rattus norvegicus",1.89852711800985,0.0394968088937614,1.82299378535388,1.97806982955904,NA,NA,NA,NA,NA,NA,NA,NA,2.01525628738183,0.172656107904407,1.69852138656686,2.37457299361975,NA,NA,NA,NA,1.79817242498076,0.0431001312248478,1.71520774480368,1.88207621116863,NA,NA,NA,NA,NA,NA,NA,NA,1.75706886032911,0.116629857504455,1.54596394630994,1.99847732945312,NA,NA,NA,NA
"Rousettus aegyptiacus",NA,NA,NA,NA,NA,NA,NA,NA,NA,NA,NA,NA,NA,NA,NA,NA,NA,NA,NA,NA,9.05523850119113,0.226750193683774,8.61380546636351,9.49761861303906,NA,NA,NA,NA,NA,NA,NA,NA,5.8967062322729,0.37087166427314,5.20780454329733,6.65192033959917,NA,NA,NA,NA
"Saguinus bicolor",7.9959600301126,0.685733898669006,6.77850675372341,9.48568258221192,13.6905083751119,2.55055721243611,9.92893864832974,20.1798566609677,NA,NA,NA,NA,NA,NA,NA,NA,NA,NA,NA,NA,NA,NA,NA,NA,NA,NA,NA,NA,NA,NA,NA,NA,NA,NA,NA,NA,NA,NA,NA,NA
"Saguinus imperator",7.11859575515945,0.208168534503093,6.73572241670704,7.53436036741852,8.7081543842887,0.880537307184484,7.11219763932021,10.4902422929763,NA,NA,NA,NA,NA,NA,NA,NA,NA,NA,NA,NA,8.25135592000251,0.231016702784369,7.80969564333536,8.7122308549935,8.40198961307731,1.62690910814917,5.64711987321201,11.9877345967282,NA,NA,NA,NA,NA,NA,NA,NA,NA,NA,NA,NA
"Saguinus oedipus",9.48219823561122,0.219246850957073,9.07158419640213,9.93367660672057,12.1622855196423,1.08191143956848,10.1797109923696,14.4554076358037,NA,NA,NA,NA,NA,NA,NA,NA,10.3356581468563,0.892689344225946,8.72038698773598,12.1962388906392,10.4882369284405,0.202970014292126,10.1060641281905,10.8992540032541,12.7752860811114,3.09293651654499,8.00257335167541,20.1416007894607,NA,NA,NA,NA,11.7442049075548,1.28231681142851,9.43158168654734,14.4344125038542,NA,NA,NA,NA
"Saimiri boliviensis",12.650586271139,0.287225706246833,12.1095708894336,13.2305750245972,10.1797403240137,1.99688159124079,6.78416929265657,14.5315687579006,NA,NA,NA,NA,NA,NA,NA,NA,11.8482178541446,1.52055647692388,9.15183368276744,15.1234294476228,12.0625822326208,0.494851347644106,11.2009359778095,13.1656853552212,NA,NA,NA,NA,NA,NA,NA,NA,10.1250573406592,1.38057794593615,7.80345732985472,13.1582367641489,13.755047786129,2.12447558796319,10.1707048928465,18.405038877361
"Saimiri sciureus",11.3813854355075,0.223913344630317,10.9410244400122,11.8303042580432,16.8224167179267,2.66893685938841,12.2121399838317,22.608577007579,NA,NA,NA,NA,13.4395684147737,2.60424890229396,9.02833437681254,19.2937201680052,NA,NA,NA,NA,9.89951310703795,0.302450724117408,9.3334722404807,10.5194369054465,NA,NA,NA,NA,NA,NA,NA,NA,13.9873598074194,1.89831995289769,10.6174305438372,17.998596361047,NA,NA,NA,NA
"Sapajus apella",23.0582545941857,0.676672919540512,21.802200424569,24.4547237337551,45.4914643033057,11.2716126304128,28.1016771499049,72.2754861014669,NA,NA,NA,NA,NA,NA,NA,NA,NA,NA,NA,NA,21.6276716469079,0.577142103139574,20.525432816304,22.7571167207377,NA,NA,NA,NA,NA,NA,NA,NA,20.7002802280744,2.04448534269993,16.8806412669608,24.9759840941721,NA,NA,NA,NA
"Sapajus xanthosternos",20.8909491728433,5.57570970137489,13.9787355644439,35.5824651404375,36.6397208153834,18.9187403288577,19.9601597839519,86.0624097898552,NA,NA,NA,NA,NA,NA,NA,NA,NA,NA,NA,NA,17.4878529088314,2.83339957580884,13.5216493679957,24.7509322497809,NA,NA,NA,NA,NA,NA,NA,NA,27.6725575654472,11.4419986843564,15.5336306320403,59.1344265456357,NA,NA,NA,NA
"Suricata suricatta",8.10243112174707,0.104868552186747,7.90534305127463,8.30918735816574,9.20331001247123,0.578292994869225,8.13136329931944,10.411711500825,NA,NA,NA,NA,7.24807249675094,0.696158952993943,6.02487681635104,8.74659915461885,7.23691721292462,0.714793637850544,5.95652845383752,8.76312935495227,8.5522782306128,0.0912576541542763,8.37296937614166,8.73156590684879,8.34980739360795,1.27891790855468,6.19132204319865,11.1639210721429,NA,NA,NA,NA,8.65991775227683,0.392396144684886,7.93470387118549,9.44844356101344,7.49246112317909,0.641542345813293,6.33192434970323,8.82241721700337
"Sus scrofa",9.3105106801402,0.157602513390428,9.00913189867099,9.63023719649514,NA,NA,NA,NA,NA,NA,NA,NA,10.824761171544,1.18269522419598,8.78188136879369,13.3279856507278,NA,NA,NA,NA,9.18033605244374,0.241763237566996,8.72091106466524,9.67913305942814,NA,NA,NA,NA,NA,NA,NA,NA,10.9282150148229,0.638987002541446,9.71251697539694,12.2416785715694,9.45465374960115,1.10722089363453,7.50642228020217,11.8278003798833
"Symphalangus syndactylus",18.7012500519428,1.55444145098436,16.1170831553131,22.2105223817837,33.3619221693068,8.04076425497681,23.562210604242,54.1737594114425,NA,NA,NA,NA,NA,NA,NA,NA,NA,NA,NA,NA,NA,NA,NA,NA,NA,NA,NA,NA,NA,NA,NA,NA,NA,NA,NA,NA,NA,NA,NA,NA
"Tapirus terrestris",15.386159461918,0.624942343361728,14.2329740429091,16.7149162366616,17.5489221232702,3.11839459253236,12.331561495273,24.3417670326438,NA,NA,NA,NA,NA,NA,NA,NA,NA,NA,NA,NA,15.0928905058118,0.626024726876358,13.9262472456899,16.389790539367,NA,NA,NA,NA,NA,NA,NA,NA,18.3393933797613,4.6618451834302,10.9729442595098,29.1714799436127,NA,NA,NA,NA
"Theropithecus gelada",17.9647340151912,0.677666745673306,16.6846373969298,19.3238095844777,21.0453526626248,6.01671049811585,11.6669926694577,35.5006366753041,NA,NA,NA,NA,NA,NA,NA,NA,NA,NA,NA,NA,NA,NA,NA,NA,NA,NA,NA,NA,NA,NA,NA,NA,NA,NA,NA,NA,NA,NA,NA,NA
"Trachypithecus auratus",10.9284192521183,0.495716970831053,9.96915349842252,11.914923427928,8.46783256824902,1.7011211887215,5.58434368200331,12.2105518547551,NA,NA,NA,NA,NA,NA,NA,NA,NA,NA,NA,NA,NA,NA,NA,NA,NA,NA,NA,NA,NA,NA,NA,NA,NA,NA,NA,NA,NA,NA,NA,NA
"Trachypithecus cristatus",10.8298461559272,1.12047962799956,8.95059499126058,13.3963021475202,18.2687296889848,6.93419619469593,9.80603479493409,35.5362996699102,NA,NA,NA,NA,NA,NA,NA,NA,NA,NA,NA,NA,NA,NA,NA,NA,NA,NA,NA,NA,NA,NA,NA,NA,NA,NA,NA,NA,NA,NA,NA,NA
"Trachypithecus francoisi",10.9581018926328,0.979585251636832,9.12553696656821,12.9752015716909,10.9054730700096,1.93733084340523,7.57261676290602,15.0319763199652,NA,NA,NA,NA,NA,NA,NA,NA,NA,NA,NA,NA,NA,NA,NA,NA,NA,NA,NA,NA,NA,NA,NA,NA,NA,NA,NA,NA,NA,NA,NA,NA
"Tragelaphus angasii",NA,NA,NA,NA,NA,NA,NA,NA,NA,NA,NA,NA,NA,NA,NA,NA,NA,NA,NA,NA,4.60133113454149,0.161123129367218,4.30332688669503,4.92515854272718,NA,NA,NA,NA,NA,NA,NA,NA,5.13615758710038,1.01489132604046,3.46294572149274,7.45084894357693,NA,NA,NA,NA
"Tragelaphus oryx",NA,NA,NA,NA,NA,NA,NA,NA,NA,NA,NA,NA,NA,NA,NA,NA,NA,NA,NA,NA,8.78936581434891,0.176561160915006,8.44788186750966,9.14908684637046,NA,NA,NA,NA,NA,NA,NA,NA,10.1351134267613,0.641044052954069,8.94318327231737,11.4417521309332,NA,NA,NA,NA
"Tragelaphus strepsiceros",8.29413924262689,0.174795538600276,7.9652248459682,8.65047695005319,6.66726629385034,0.884811059118341,5.1375863818319,8.5634130441462,NA,NA,NA,NA,NA,NA,NA,NA,NA,NA,NA,NA,5.57158649099512,0.175494475995433,5.23998444570394,5.92134551716714,NA,NA,NA,NA,NA,NA,NA,NA,5.39308222389294,0.6964971327212,4.15978889133569,6.91696570084645,NA,NA,NA,NA
"Ursus americanus",NA,NA,NA,NA,NA,NA,NA,NA,NA,NA,NA,NA,NA,NA,NA,NA,NA,NA,NA,NA,18.1901718291056,0.538303933178822,17.1406697653315,19.236087879032,NA,NA,NA,NA,NA,NA,NA,NA,19.7290915632756,1.28473846934264,17.3480038714921,22.3917585061428,NA,NA,NA,NA
"Ursus arctos",NA,NA,NA,NA,NA,NA,NA,NA,NA,NA,NA,NA,NA,NA,NA,NA,NA,NA,NA,NA,21.2170873337016,0.634199123752873,20.0229703500552,22.5138482877178,NA,NA,NA,NA,NA,NA,NA,NA,22.4249405270411,1.59601608031267,19.5984291763998,25.8049589436016,NA,NA,NA,NA
"Varecia rubra",17.014416433101,0.50743500872178,16.0370519397223,18.0103939595285,19.6062025212945,1.50414579657417,16.8967362972512,22.8652756557347,NA,NA,NA,NA,NA,NA,NA,NA,15.2211888262845,1.34582470708924,12.7752863849158,17.9997751082963,NA,NA,NA,NA,NA,NA,NA,NA,NA,NA,NA,NA,NA,NA,NA,NA,NA,NA,NA,NA
"Varecia variegata",15.690437907992,0.401267326373855,14.9254870023818,16.4932117167058,17.2798423426698,1.85416798026382,13.9408362185077,21.0819995032356,NA,NA,NA,NA,NA,NA,NA,NA,12.5992879285135,1.18385816245823,10.4407725942277,15.0595104370912,15.8816924819018,0.340501461109748,15.2266444367394,16.5767716305574,NA,NA,NA,NA,NA,NA,NA,NA,17.8297346900981,1.76794683383454,14.6336654932334,21.5155573918298,NA,NA,NA,NA
"Vicugna pacos",NA,NA,NA,NA,NA,NA,NA,NA,NA,NA,NA,NA,NA,NA,NA,NA,NA,NA,NA,NA,12.9803630477468,0.309140379686977,12.3816994254884,13.5969300013539,NA,NA,NA,NA,NA,NA,NA,NA,13.8875797698601,0.825454787748978,12.3680805705824,15.6077932839241,13.2475377753497,1.45464542328398,10.5845777647857,16.2567665791189
"Vicugna vicugna",NA,NA,NA,NA,NA,NA,NA,NA,NA,NA,NA,NA,NA,NA,NA,NA,NA,NA,NA,NA,9.75483473130738,0.575642738553975,8.73867559560102,10.9733371602001,NA,NA,NA,NA,NA,NA,NA,NA,11.9680665509782,2.76172493296675,7.56026984210796,18.2443646301438,NA,NA,NA,NA
"Vulpes lagopus",NA,NA,NA,NA,NA,NA,NA,NA,NA,NA,NA,NA,NA,NA,NA,NA,NA,NA,NA,NA,6.9384552121747,0.259836561366628,6.43455971912452,7.46217538330303,NA,NA,NA,NA,NA,NA,NA,NA,7.59598486853101,0.926236309604926,5.95993438921491,9.56136428387205,NA,NA,NA,NA
"Vulpes vulpes",9.336210992387,0.264562792888429,8.82719115065546,9.8597666021334,NA,NA,NA,NA,NA,NA,NA,NA,11.0036949398939,1.77519141727437,7.93908010595684,14.7936659875424,NA,NA,NA,NA,8.83367713867074,0.254421279697036,8.34682985277622,9.34248749021628,NA,NA,NA,NA,NA,NA,NA,NA,10.3137520521067,1.02386965707564,8.40953195050468,12.4106628583076,NA,NA,NA,NA
"Vulpes zerda",NA,NA,NA,NA,NA,NA,NA,NA,NA,NA,NA,NA,NA,NA,NA,NA,NA,NA,NA,NA,9.43369318300081,0.180203102391501,9.07978104581012,9.77912322406259,NA,NA,NA,NA,NA,NA,NA,NA,8.39504343543856,0.735657579507577,7.02798495591743,9.96191062997074,NA,NA,NA,NA
"Wallabia bicolor",NA,NA,NA,NA,NA,NA,NA,NA,NA,NA,NA,NA,NA,NA,NA,NA,NA,NA,NA,NA,3.9567707472907,0.193100884458651,3.60126881390841,4.36730285917151,NA,NA,NA,NA,NA,NA,NA,NA,12.9333294567769,3.43042178118642,9.24065818478919,23.1152505151726,NA,NA,NA,NA
"Zalophus californianus",16.6597577827658,0.338850222845048,15.9981970460106,17.3119607133475,17.6896712650804,3.30073655612037,11.8059550818491,24.5304740666539,NA,NA,NA,NA,NA,NA,NA,NA,NA,NA,NA,NA,14.3347728630959,0.431163229615331,13.4807717612804,15.1789020808172,NA,NA,NA,NA,NA,NA,NA,NA,15.5689437335518,1.20397902537823,13.2978570574129,18.0285485094995,NA,NA,NA,NA
