species,Female_None_Mean,Female_None_SE,Female_None_Lower,Female_None_Upper,Female_Hormonal_Mean,Female_Hormonal_SE,Female_Hormonal_Lower,Female_Hormonal_Upper,Female_Immunological_Mean,Female_Immunological_SE,Female_Immunological_Lower,Female_Immunological_Upper,Female_Surgical_Mean,Female_Surgical_SE,Female_Surgical_Lower,Female_Surgical_Upper,Female_Undetermined_Mean,Female_Undetermined_SE,Female_Undetermined_Lower,Female_Undetermined_Upper,Male_None_Mean,Male_None_SE,Male_None_Lower,Male_None_Upper,Male_Hormonal_Mean,Male_Hormonal_SE,Male_Hormonal_Lower,Male_Hormonal_Upper,Male_Immunological_Mean,Male_Immunological_SE,Male_Immunological_Lower,Male_Immunological_Upper,Male_Surgical_Mean,Male_Surgical_SE,Male_Surgical_Lower,Male_Surgical_Upper,Male_Undetermined_Mean,Male_Undetermined_SE,Male_Undetermined_Lower,Male_Undetermined_Upper,Female.None,Female.Hormonal,Female.Immunological,Female.Surgical,Female.Undetermined,Male.None,Male.Hormonal,Male.Immunological,Male.Surgical,Male.Undetermined
Acinonyx jubatus,NA,NA,NA,NA,NA,NA,NA,NA,NA,NA,NA,NA,NA,NA,NA,NA,NA,NA,NA,NA,9.423471153,0.115983841,9.198061677,9.659177194,NA,NA,NA,NA,NA,NA,NA,NA,9.958962263,0.884157848,8.353507488,11.82445464,NA,NA,NA,NA,0,0,0,0,0,2948,8,0,38,2
Addax nasomaculatus,NA,NA,NA,NA,NA,NA,NA,NA,NA,NA,NA,NA,NA,NA,NA,NA,NA,NA,NA,NA,7.744354526,0.235922678,7.292198034,8.220460594,NA,NA,NA,NA,NA,NA,NA,NA,9.173213304,0.791120834,7.706748372,10.84036125,6.876266497,0.929532883,5.221333154,8.887214899,0,0,0,0,0,2856,1,2,93,34
Aepyceros melampus,NA,NA,NA,NA,NA,NA,NA,NA,NA,NA,NA,NA,NA,NA,NA,NA,NA,NA,NA,NA,5.211592158,0.229535491,4.783943347,5.683584747,NA,NA,NA,NA,NA,NA,NA,NA,7.670567289,0.869373064,6.167838794,9.609298826,NA,NA,NA,NA,0,0,0,0,0,2330,4,2,157,19
Ailurus fulgens,9.664570462,0.193535957,9.286016455,10.04231331,8.195794905,0.773658555,6.755275745,9.786900421,NA,NA,NA,NA,NA,NA,NA,NA,NA,NA,NA,NA,NA,NA,NA,NA,NA,NA,NA,NA,NA,NA,NA,NA,NA,NA,NA,NA,NA,NA,NA,NA,1475,66,0,8,10,0,0,0,0,0
Alouatta caraya,12.15399032,0.722169208,10.80215139,13.67387303,18.96611897,1.927400285,15.5002323,22.91288582,NA,NA,NA,NA,NA,NA,NA,NA,18.39987351,1.581456332,15.4340186,21.7438456,13.44233975,0.627450716,12.27477483,14.69576019,NA,NA,NA,NA,NA,NA,NA,NA,13.98443288,2.084838122,10.3490251,18.36002626,NA,NA,NA,NA,292,62,0,12,44,398,8,0,33,5
Ammotragus lervia,NA,NA,NA,NA,NA,NA,NA,NA,NA,NA,NA,NA,NA,NA,NA,NA,NA,NA,NA,NA,9.824277624,0.183544134,9.472485699,10.20511026,NA,NA,NA,NA,NA,NA,NA,NA,10.19227288,0.732260376,8.875300869,11.71694576,NA,NA,NA,NA,0,0,0,0,0,4879,0,0,162,26
Antidorcas marsupialis,NA,NA,NA,NA,NA,NA,NA,NA,NA,NA,NA,NA,NA,NA,NA,NA,NA,NA,NA,NA,4.448422291,0.189554624,4.100629407,4.84123024,NA,NA,NA,NA,NA,NA,NA,NA,4.036424524,0.636908803,2.966593646,5.45509727,NA,NA,NA,NA,0,0,0,0,0,1850,5,0,48,22
Antilope cervicapra,NA,NA,NA,NA,NA,NA,NA,NA,NA,NA,NA,NA,NA,NA,NA,NA,NA,NA,NA,NA,5.594528965,0.132619696,5.348837005,5.861188561,NA,NA,NA,NA,NA,NA,NA,NA,9.469797851,0.718674724,8.179770839,10.98719986,NA,NA,NA,NA,0,0,0,0,0,6621,0,2,347,10
Aonyx cinereus,9.358051461,0.184289286,8.992484514,9.720787154,11.16420097,0.977820584,9.416788937,13.22850791,NA,NA,NA,NA,NA,NA,NA,NA,7.138798283,0.917869782,5.495409267,9.1173185,10.79898786,0.226244935,10.37110474,11.24812874,12.38744388,1.981604831,8.958615193,16.70300342,NA,NA,NA,NA,11.15578491,0.857700024,9.592555988,12.92420687,NA,NA,NA,NA,2205,95,0,18,30,2260,42,0,96,19
Arctictis binturong,NA,NA,NA,NA,NA,NA,NA,NA,NA,NA,NA,NA,NA,NA,NA,NA,NA,NA,NA,NA,15.01648411,0.478776362,14.10896587,15.96933315,NA,NA,NA,NA,NA,NA,NA,NA,15.66026368,1.868058855,12.28484348,19.61005579,NA,NA,NA,NA,0,0,0,0,0,636,2,0,30,5
Artibeus jamaicensis,NA,NA,NA,NA,NA,NA,NA,NA,NA,NA,NA,NA,NA,NA,NA,NA,NA,NA,NA,NA,5.408879472,0.326143083,4.810495922,6.065238677,NA,NA,NA,NA,NA,NA,NA,NA,9.539290996,1.33634494,7.322062083,12.5811033,NA,NA,NA,NA,0,0,0,0,0,670,0,0,64,18
Ateles fusciceps,26.27223367,3.043043323,22.29001702,34.68110222,33.64229733,11.57069704,19.70898215,60.73803302,NA,NA,NA,NA,NA,NA,NA,NA,NA,NA,NA,NA,NA,NA,NA,NA,NA,NA,NA,NA,NA,NA,NA,NA,NA,NA,NA,NA,NA,NA,NA,NA,438,32,0,16,13,0,0,0,0,0
Ateles geoffroyi,23.00628164,0.790899224,21.53101346,24.62617688,24.66280156,4.024269472,17.29629118,33.21428876,NA,NA,NA,NA,NA,NA,NA,NA,NA,NA,NA,NA,25.03644999,1.343409545,22.55961379,27.88521346,NA,NA,NA,NA,NA,NA,NA,NA,23.79343537,2.63144034,18.89792916,29.25590101,NA,NA,NA,NA,679,32,0,22,21,580,4,2,51,23
Axis axis,12.28533913,0.317981976,11.71175969,12.93446048,11.21184138,1.450259585,8.678963158,14.35552251,NA,NA,NA,NA,NA,NA,NA,NA,NA,NA,NA,NA,15.67419094,3.727452757,11.58416555,25.94609102,NA,NA,NA,NA,NA,NA,NA,NA,8.848540914,2.103531656,6.102397796,14.29489528,NA,NA,NA,NA,4437,42,0,1,0,3737,0,0,87,11
Bison bison,15.48248973,0.244495167,15.00856179,15.976256,NA,NA,NA,NA,19.01754694,2.761565308,14.19967334,25.09108791,NA,NA,NA,NA,NA,NA,NA,NA,12.3029348,0.335136042,11.67605234,12.99041047,NA,NA,NA,NA,NA,NA,NA,NA,12.88850719,0.999862156,11.03572719,15.02200944,NA,NA,NA,NA,4235,8,33,2,12,3703,0,0,104,18
Bos grunniens,NA,NA,NA,NA,NA,NA,NA,NA,NA,NA,NA,NA,NA,NA,NA,NA,NA,NA,NA,NA,10.58161465,0.458961957,9.732941622,11.53244517,NA,NA,NA,NA,NA,NA,NA,NA,11.79863422,1.911922362,8.470441578,15.99878454,NA,NA,NA,NA,0,0,0,0,0,1374,0,0,37,5
Bos javanicus,NA,NA,NA,NA,NA,NA,NA,NA,NA,NA,NA,NA,NA,NA,NA,NA,NA,NA,NA,NA,10.60976657,0.479830867,9.75140136,11.60403237,NA,NA,NA,NA,NA,NA,NA,NA,8.6656692,1.688993322,5.894990766,12.3699404,NA,NA,NA,NA,0,0,0,0,0,998,2,2,32,3
Bos taurus,NA,NA,NA,NA,NA,NA,NA,NA,NA,NA,NA,NA,NA,NA,NA,NA,NA,NA,NA,NA,10.66891654,0.338927918,10.01319167,11.34518312,NA,NA,NA,NA,NA,NA,NA,NA,15.00159228,1.314322044,12.57932392,17.74474804,14.32626093,2.577323077,10.07234063,20.07648973,0,0,0,0,0,4303,0,0,271,49
Boselaphus tragocamelus,NA,NA,NA,NA,NA,NA,NA,NA,NA,NA,NA,NA,NA,NA,NA,NA,NA,NA,NA,NA,10.32194599,0.548890592,9.294336622,11.47760069,NA,NA,NA,NA,NA,NA,NA,NA,9.621401159,1.581583181,7.014456748,13.22837376,NA,NA,NA,NA,0,0,0,0,0,2180,1,2,57,18
Bubalus bubalis,NA,NA,NA,NA,NA,NA,NA,NA,NA,NA,NA,NA,NA,NA,NA,NA,NA,NA,NA,NA,10.10866109,0.670512794,8.848178267,11.49814964,NA,NA,NA,NA,NA,NA,NA,NA,18.19114292,2.298515696,13.82727374,22.79095665,NA,NA,NA,NA,0,0,0,0,0,622,1,0,36,6
Callimico goeldii,9.429752002,0.286215522,8.893279584,10.00393135,8.769608218,1.391439916,6.397770071,11.85510941,NA,NA,NA,NA,NA,NA,NA,NA,NA,NA,NA,NA,NA,NA,NA,NA,NA,NA,NA,NA,NA,NA,NA,NA,NA,NA,NA,NA,NA,NA,NA,NA,1072,42,0,19,17,0,0,0,0,0
Callithrix geoffroyi,6.218729964,0.220801987,5.805678062,6.678633726,5.80297234,0.721546202,4.508713456,7.337393572,NA,NA,NA,NA,NA,NA,NA,NA,NA,NA,NA,NA,NA,NA,NA,NA,NA,NA,NA,NA,NA,NA,NA,NA,NA,NA,NA,NA,NA,NA,NA,NA,1043,65,0,4,17,0,0,0,0,0
Callithrix jacchus,6.987538879,0.183764013,6.634120564,7.364259347,7.428078285,0.980746859,5.77413301,9.579847739,NA,NA,NA,NA,NA,NA,NA,NA,NA,NA,NA,NA,7.807085654,0.17525293,7.467827172,8.159187573,NA,NA,NA,NA,NA,NA,NA,NA,11.2737391,1.42835429,8.815394164,14.41098876,NA,NA,NA,NA,3206,147,0,21,8,3868,12,0,115,6
Camelus bactrianus,NA,NA,NA,NA,NA,NA,NA,NA,NA,NA,NA,NA,NA,NA,NA,NA,NA,NA,NA,NA,13.93248948,0.386983223,13.20733079,14.70385707,NA,NA,NA,NA,NA,NA,NA,NA,12.11925215,1.117023365,10.0913594,14.46963163,NA,NA,NA,NA,0,0,0,0,0,2081,5,1,94,17
Camelus dromedarius,NA,NA,NA,NA,NA,NA,NA,NA,NA,NA,NA,NA,NA,NA,NA,NA,NA,NA,NA,NA,14.62596178,0.53583191,13.6327579,15.70740108,NA,NA,NA,NA,NA,NA,NA,NA,14.99675262,1.631924895,12.04991773,18.45817315,NA,NA,NA,NA,0,0,0,0,0,1182,0,0,109,10
Canis latrans,9.244091767,0.464849191,8.318912364,10.14809988,NA,NA,NA,NA,NA,NA,NA,NA,11.73080017,1.106178462,9.657648192,13.9678872,NA,NA,NA,NA,8.106003994,0.457699503,7.215442865,9.006478072,NA,NA,NA,NA,NA,NA,NA,NA,11.26227686,0.919131964,9.540391279,13.09750359,NA,NA,NA,NA,485,4,0,39,7,529,0,0,64,10
Canis lupus,9.907180152,0.143161441,9.622684349,10.18649025,7.05415105,0.743608439,5.763189628,8.606341105,NA,NA,NA,NA,10.89819608,0.524415087,9.912609708,11.94091416,10.93837085,1.11602629,8.92753085,13.30322591,10.28878174,0.140531682,10.01889246,10.5657349,NA,NA,NA,NA,NA,NA,NA,NA,10.0777137,0.407472542,9.315315088,10.90876719,10.71700663,1.190676179,8.602307287,13.15264991,5012,130,0,331,59,5457,28,0,439,58
Capra aegagrus,NA,NA,NA,NA,NA,NA,NA,NA,NA,NA,NA,NA,NA,NA,NA,NA,NA,NA,NA,NA,7.630013598,0.352871367,6.973585177,8.354319967,NA,NA,NA,NA,NA,NA,NA,NA,10.34295096,2.182820833,6.668403231,15.30468064,NA,NA,NA,NA,0,0,0,0,0,1107,0,0,42,0
Capra falconeri,NA,NA,NA,NA,NA,NA,NA,NA,NA,NA,NA,NA,NA,NA,NA,NA,NA,NA,NA,NA,6.912145489,0.243764331,6.456319787,7.400490557,NA,NA,NA,NA,NA,NA,NA,NA,7.413083092,1.118526188,5.436140842,9.853876917,NA,NA,NA,NA,0,0,0,0,0,1948,11,0,43,2
Capra hircus,9.326991274,0.066858864,9.198186853,9.45639122,8.426548154,1.257082988,6.28368514,11.24102954,NA,NA,NA,NA,NA,NA,NA,NA,NA,NA,NA,NA,9.006659809,0.118336847,8.77928652,9.234406335,NA,NA,NA,NA,NA,NA,NA,NA,9.207235048,0.198659389,8.819764661,9.611793119,9.29517279,0.516942342,8.326181064,10.33220896,24855,44,8,25,10,17776,0,22,2384,375
Capra nubiana,NA,NA,NA,NA,NA,NA,NA,NA,NA,NA,NA,NA,NA,NA,NA,NA,NA,NA,NA,NA,7.24645833,0.242119528,6.786135976,7.738301804,NA,NA,NA,NA,NA,NA,NA,NA,8.857274054,1.097642762,6.930054673,11.22437401,NA,NA,NA,NA,0,0,0,0,0,2435,0,0,49,2
Carollia perspicillata,NA,NA,NA,NA,NA,NA,NA,NA,NA,NA,NA,NA,NA,NA,NA,NA,NA,NA,NA,NA,4.6666891,0.217517002,4.248730651,5.101133384,NA,NA,NA,NA,NA,NA,NA,NA,12.44541523,2.56697683,8.470617542,18.34083653,NA,NA,NA,NA,0,0,0,0,0,843,0,0,155,4
Cavia porcellus,4.345011591,0.056438033,4.235848068,4.457833102,NA,NA,NA,NA,NA,NA,NA,NA,3.408936692,0.400055322,2.694296881,4.265476454,NA,NA,NA,NA,3.912472443,0.088044596,3.743477629,4.084806967,NA,NA,NA,NA,NA,NA,NA,NA,4.351749161,0.324472255,3.74611225,5.026732923,NA,NA,NA,NA,3807,2,0,40,0,2057,0,0,151,10
Cebuella pygmaea,6.347507993,0.162773945,6.03559448,6.680220977,8.149053785,1.791241517,5.380104299,12.2100121,NA,NA,NA,NA,NA,NA,NA,NA,NA,NA,NA,NA,NA,NA,NA,NA,NA,NA,NA,NA,NA,NA,NA,NA,NA,NA,NA,NA,NA,NA,NA,NA,2304,34,0,5,22,0,0,0,0,0
Cebus capucinus,NA,NA,NA,NA,NA,NA,NA,NA,NA,NA,NA,NA,NA,NA,NA,NA,NA,NA,NA,NA,21.202335,3.025983365,16.74357781,28.53798047,NA,NA,NA,NA,NA,NA,NA,NA,50.29976484,27.02158358,26.66713671,123.8821516,NA,NA,NA,NA,0,0,0,0,0,309,1,0,45,4
Cercopithecus neglectus,14.43166081,0.719647976,13.1051061,15.89831228,18.18683855,4.089211515,11.35619212,27.32726403,NA,NA,NA,NA,NA,NA,NA,NA,NA,NA,NA,NA,NA,NA,NA,NA,NA,NA,NA,NA,NA,NA,NA,NA,NA,NA,NA,NA,NA,NA,NA,NA,483,32,0,6,19,0,0,0,0,0
Cervus canadensis,13.74086592,0.261662581,13.21579038,14.25263999,13.87030714,1.457838019,11.17948461,16.85117151,NA,NA,NA,NA,NA,NA,NA,NA,NA,NA,NA,NA,9.206140711,0.327087363,8.579499599,9.867311822,NA,NA,NA,NA,NA,NA,NA,NA,14.53103994,2.11959088,10.86984566,19.06566584,NA,NA,NA,NA,2370,30,19,2,6,2111,1,0,40,12
Cervus elaphus,NA,NA,NA,NA,NA,NA,NA,NA,NA,NA,NA,NA,NA,NA,NA,NA,NA,NA,NA,NA,8.671873342,0.368392778,7.973193043,9.412645644,NA,NA,NA,NA,NA,NA,NA,NA,7.781125636,0.853404761,6.257217528,9.577419999,NA,NA,NA,NA,0,0,0,0,0,1825,0,0,55,2
Cervus nippon,NA,NA,NA,NA,NA,NA,NA,NA,NA,NA,NA,NA,NA,NA,NA,NA,NA,NA,NA,NA,7.883709609,0.262022132,7.385089498,8.420504755,NA,NA,NA,NA,NA,NA,NA,NA,6.131470948,0.9452261,4.523281859,8.19512245,NA,NA,NA,NA,0,0,0,0,0,2975,4,0,70,14
Chinchilla lanigera,NA,NA,NA,NA,NA,NA,NA,NA,NA,NA,NA,NA,NA,NA,NA,NA,NA,NA,NA,NA,7.234072117,0.228990021,6.794660796,7.699869455,NA,NA,NA,NA,NA,NA,NA,NA,8.095177484,1.211444417,5.940771801,10.82737813,NA,NA,NA,NA,0,0,0,0,0,1440,0,0,47,3
Chlorocebus aethiops,NA,NA,NA,NA,NA,NA,NA,NA,NA,NA,NA,NA,NA,NA,NA,NA,NA,NA,NA,NA,14.81997077,0.911317587,13.22540984,16.84672079,NA,NA,NA,NA,NA,NA,NA,NA,18.37503295,4.68073789,10.97751782,29.03228477,NA,NA,NA,NA,0,0,0,0,0,685,1,0,30,3
Chrysocyon brachyurus,NA,NA,NA,NA,NA,NA,NA,NA,NA,NA,NA,NA,NA,NA,NA,NA,NA,NA,NA,NA,NA,NA,NA,NA,NA,NA,NA,NA,NA,NA,NA,NA,NA,NA,NA,NA,NA,NA,NA,NA,0,0,0,0,0,0,0,0,0,0
Colobus angolensis,12.65036276,1.669447303,9.91651992,16.47575774,19.28554074,6.116332509,11.79883081,34.63869934,NA,NA,NA,NA,NA,NA,NA,NA,NA,NA,NA,NA,NA,NA,NA,NA,NA,NA,NA,NA,NA,NA,NA,NA,NA,NA,NA,NA,NA,NA,NA,NA,189,34,0,7,3,0,0,0,0,0
Colobus guereza,9.668167572,0.338426762,9.020675004,10.33117196,15.36876702,1.507583425,12.65031393,18.52218859,NA,NA,NA,NA,NA,NA,NA,NA,12.94537631,1.249159523,10.64578725,15.55284352,13.93954794,0.4807832,13.04469115,14.90827515,NA,NA,NA,NA,NA,NA,NA,NA,14.18511964,1.733040437,11.09875122,17.93622959,NA,NA,NA,NA,1174,122,0,24,60,1352,4,0,57,15
Connochaetes taurinus,NA,NA,NA,NA,NA,NA,NA,NA,NA,NA,NA,NA,NA,NA,NA,NA,NA,NA,NA,NA,7.445478472,0.297899211,6.890434835,8.050678872,NA,NA,NA,NA,NA,NA,NA,NA,10.54268705,0.968698387,8.730589841,12.55817982,6.272233109,1.477347447,3.807688721,9.570769425,0,0,0,0,0,1469,1,1,114,33
Crocuta crocuta,NA,NA,NA,NA,NA,NA,NA,NA,NA,NA,NA,NA,NA,NA,NA,NA,NA,NA,NA,NA,NA,NA,NA,NA,NA,NA,NA,NA,NA,NA,NA,NA,NA,NA,NA,NA,NA,NA,NA,NA,0,0,0,0,0,0,0,0,0,0
Cynomys ludovicianus,5.678042979,0.1603684,5.383466593,6.005237905,NA,NA,NA,NA,NA,NA,NA,NA,4.675232964,0.702423218,3.492932377,6.22727184,NA,NA,NA,NA,5.308307613,0.175436527,4.98505557,5.669883913,NA,NA,NA,NA,NA,NA,NA,NA,4.945759099,0.458469586,4.123377725,5.917807723,NA,NA,NA,NA,2858,7,0,65,6,2465,9,0,154,16
Dama dama,NA,NA,NA,NA,NA,NA,NA,NA,NA,NA,NA,NA,NA,NA,NA,NA,NA,NA,NA,NA,7.912748151,0.248149627,7.454634644,8.422368211,NA,NA,NA,NA,NA,NA,NA,NA,9.404437453,1.179481018,7.351165125,11.94226964,4.947298398,1.005889319,3.326165513,7.24891621,0,0,0,0,0,4616,0,0,173,30
Damaliscus pygargus,NA,NA,NA,NA,NA,NA,NA,NA,NA,NA,NA,NA,NA,NA,NA,NA,NA,NA,NA,NA,6.226857992,0.246767398,5.759387644,6.715410161,NA,NA,NA,NA,NA,NA,NA,NA,6.73363676,1.063030557,4.946105978,9.091431746,NA,NA,NA,NA,0,0,0,0,0,1187,1,1,38,15
Desmodus rotundus,NA,NA,NA,NA,NA,NA,NA,NA,NA,NA,NA,NA,NA,NA,NA,NA,NA,NA,NA,NA,8.052095762,0.304427821,7.466376878,8.663214983,NA,NA,NA,NA,NA,NA,NA,NA,13.50693973,1.593689168,10.437276,16.77781791,NA,NA,NA,NA,0,0,0,0,0,933,0,0,66,1
Didelphis virginiana,NA,NA,NA,NA,NA,NA,NA,NA,NA,NA,NA,NA,NA,NA,NA,NA,NA,NA,NA,NA,1.468738503,0.05379035,1.367068993,1.575814174,NA,NA,NA,NA,NA,NA,NA,NA,2.27948943,0.269622811,1.811034395,2.882590698,NA,NA,NA,NA,0,0,0,0,0,1610,0,0,79,7
Dolichotis patagonum,NA,NA,NA,NA,NA,NA,NA,NA,NA,NA,NA,NA,NA,NA,NA,NA,NA,NA,NA,NA,5.555980104,0.137859046,5.291386702,5.831581676,NA,NA,NA,NA,NA,NA,NA,NA,7.289281667,0.939549956,5.662767261,9.284656457,NA,NA,NA,NA,0,0,0,0,0,4227,5,0,124,20
Eidolon helvum,17.8427213,0.543678564,16.82078883,18.9340431,NA,NA,NA,NA,NA,NA,NA,NA,19.94432087,1.430197399,17.32583482,22.96594606,NA,NA,NA,NA,14.74203298,0.443698377,13.8929477,15.62686306,NA,NA,NA,NA,NA,NA,NA,NA,17.83919108,1.000157965,15.9180665,19.96462898,NA,NA,NA,NA,648,2,0,96,3,620,0,0,164,15
Equus asinus,NA,NA,NA,NA,NA,NA,NA,NA,NA,NA,NA,NA,NA,NA,NA,NA,NA,NA,NA,NA,21.84619896,0.67133183,20.57028493,23.21291319,NA,NA,NA,NA,NA,NA,NA,NA,24.87691354,1.040880497,22.92427584,26.99681761,NA,NA,NA,NA,0,0,0,0,0,2097,1,2,346,24
Equus caballus,NA,NA,NA,NA,NA,NA,NA,NA,NA,NA,NA,NA,NA,NA,NA,NA,NA,NA,NA,NA,18.69341894,0.386786453,17.98986084,19.49717242,NA,NA,NA,NA,NA,NA,NA,NA,23.93479754,0.948269231,22.30957921,26.12573185,23.66470644,2.45274137,19.30524915,28.92675447,0,0,0,0,0,4254,1,8,1107,155
Equus hemionus,NA,NA,NA,NA,NA,NA,NA,NA,NA,NA,NA,NA,NA,NA,NA,NA,NA,NA,NA,NA,11.21561764,0.854649773,9.757589654,13.16079786,NA,NA,NA,NA,NA,NA,NA,NA,30.04409534,13.54464115,15.31631433,63.57260487,NA,NA,NA,NA,0,0,0,0,0,552,0,4,32,5
Equus quagga,NA,NA,NA,NA,NA,NA,NA,NA,NA,NA,NA,NA,NA,NA,NA,NA,NA,NA,NA,NA,14.14064412,0.395002395,13.39767208,14.92677414,NA,NA,NA,NA,NA,NA,NA,NA,21.3044365,1.837522528,18.05987115,25.15506336,NA,NA,NA,NA,0,0,0,0,0,3752,5,11,164,29
Erythrocebus patas,14.03487344,0.476454595,13.11873196,14.97872785,14.68870828,1.809844975,11.46167971,18.54074548,NA,NA,NA,NA,NA,NA,NA,NA,NA,NA,NA,NA,11.09022954,0.561093449,10.03228571,12.25438606,NA,NA,NA,NA,NA,NA,NA,NA,11.52760188,1.614245617,8.767067382,15.16027069,NA,NA,NA,NA,851,45,0,8,20,677,3,0,45,4
Eudorcas thomsonii,NA,NA,NA,NA,NA,NA,NA,NA,NA,NA,NA,NA,NA,NA,NA,NA,NA,NA,NA,NA,4.80545671,0.207190122,4.417672741,5.226969283,NA,NA,NA,NA,NA,NA,NA,NA,10.07086828,1.398654045,7.757465413,13.32236496,NA,NA,NA,NA,0,0,0,0,0,1573,0,0,86,6
Eulemur coronatus,14.34538687,0.938573207,12.49350244,16.19644176,19.97084615,1.776673522,16.2567744,23.29191816,NA,NA,NA,NA,NA,NA,NA,NA,NA,NA,NA,NA,NA,NA,NA,NA,NA,NA,NA,NA,NA,NA,NA,NA,NA,NA,NA,NA,NA,NA,NA,NA,117,38,0,0,1,0,0,0,0,0
Eulemur macaco,13.20962178,0.623268316,12.00130538,14.46852641,22.01087879,4.46215291,14.80568191,32.28392537,NA,NA,NA,NA,NA,NA,NA,NA,NA,NA,NA,NA,NA,NA,NA,NA,NA,NA,NA,NA,NA,NA,NA,NA,NA,NA,NA,NA,NA,NA,NA,NA,345,36,0,10,13,0,0,0,0,0
Eulemur rubriventer,19.72973888,3.021873618,15.8665166,27.91086214,20.42946751,5.41386119,12.81790092,32.68594158,NA,NA,NA,NA,NA,NA,NA,NA,NA,NA,NA,NA,NA,NA,NA,NA,NA,NA,NA,NA,NA,NA,NA,NA,NA,NA,NA,NA,NA,NA,NA,NA,125,31,0,1,6,0,0,0,0,0
Felis catus,12.77688568,0.329590667,12.1294119,13.43141089,NA,NA,NA,NA,NA,NA,NA,NA,16.02351208,0.867580106,14.40038828,17.78322193,NA,NA,NA,NA,9.529789134,0.44529884,8.656614147,10.40829641,NA,NA,NA,NA,NA,NA,NA,NA,13.37909367,0.955677006,11.55076572,15.33730648,14.86341677,2.042051816,11.07646932,19.16811643,1054,0,1,126,27,836,0,1,125,38
Giraffa camelopardalis,13.44688979,0.218269899,13.02950665,13.87944187,16.39353128,1.289762282,14.02540858,19.03283599,15.36644717,1.423234137,12.77186071,18.3293871,NA,NA,NA,NA,16.26958209,1.206161229,14.03241581,18.74095193,10.23436411,0.208634669,9.838127927,10.65684412,NA,NA,NA,NA,13.57291964,3.216398962,8.476098823,21.0355463,12.74865402,0.990136336,10.92231912,14.75648397,NA,NA,NA,NA,3225,141,105,0,54,3368,23,31,160,10
Gorilla gorilla,27.25436266,1.760331115,24.25118712,31.19404164,39.0093356,5.003177811,31.48939855,50.45930189,NA,NA,NA,NA,NA,NA,NA,NA,34.65198655,3.794715803,28.62152343,43.73895462,NA,NA,NA,NA,NA,NA,NA,NA,NA,NA,NA,NA,NA,NA,NA,NA,NA,NA,NA,NA,350,188,0,3,86,0,0,0,0,0
Hemitragus jemlahicus,NA,NA,NA,NA,NA,NA,NA,NA,NA,NA,NA,NA,NA,NA,NA,NA,NA,NA,NA,NA,7.485316002,0.383500754,6.799848985,8.313786962,NA,NA,NA,NA,NA,NA,NA,NA,9.667102425,1.368932828,7.34661874,12.64015197,NA,NA,NA,NA,0,0,0,0,0,1109,0,0,46,7
Hippopotamus amphibius,33.94635272,2.289060717,30.53992262,39.16818621,55.36031516,16.29298365,32.66557445,94.44578201,NA,NA,NA,NA,NA,NA,NA,NA,NA,NA,NA,NA,NA,NA,NA,NA,NA,NA,NA,NA,NA,NA,NA,NA,NA,NA,NA,NA,NA,NA,NA,NA,651,33,1,0,6,0,0,0,0,0
Hippotragus niger,NA,NA,NA,NA,NA,NA,NA,NA,NA,NA,NA,NA,NA,NA,NA,NA,NA,NA,NA,NA,8.086851293,0.381015516,7.37481707,8.87020005,NA,NA,NA,NA,NA,NA,NA,NA,8.263168969,1.649956349,5.593185097,12.04821091,NA,NA,NA,NA,0,0,0,0,0,2053,1,5,30,8
Hydrochoerus hydrochaeris,5.898313463,0.13136448,5.649562677,6.158659014,5.987091341,1.090358355,4.1893387,8.415354385,NA,NA,NA,NA,NA,NA,NA,NA,NA,NA,NA,NA,5.68919822,0.153288414,5.407070033,6.007550729,NA,NA,NA,NA,NA,NA,NA,NA,5.411853543,0.482747377,4.541567578,6.407178175,NA,NA,NA,NA,3831,33,0,4,7,3456,13,0,134,25
Hylobates lar,20.80785934,1.387959302,18.53168074,24.15739224,23.55974381,4.606267642,16.28528871,33.89033019,NA,NA,NA,NA,NA,NA,NA,NA,NA,NA,NA,NA,NA,NA,NA,NA,NA,NA,NA,NA,NA,NA,NA,NA,NA,NA,NA,NA,NA,NA,NA,NA,718,58,2,15,13,0,0,0,0,0
Hystrix indica,NA,NA,NA,NA,NA,NA,NA,NA,NA,NA,NA,NA,NA,NA,NA,NA,NA,NA,NA,NA,15.78650675,0.608458341,14.63160883,17.00862732,NA,NA,NA,NA,NA,NA,NA,NA,17.76654569,3.190301192,12.46396986,24.76257272,NA,NA,NA,NA,0,0,0,0,0,863,3,0,39,9
Kobus ellipsiprymnus,NA,NA,NA,NA,NA,NA,NA,NA,NA,NA,NA,NA,NA,NA,NA,NA,NA,NA,NA,NA,9.120968372,0.355236427,8.44606704,9.82846374,NA,NA,NA,NA,NA,NA,NA,NA,13.38812882,1.00742336,11.59435643,15.54878897,NA,NA,NA,NA,0,0,0,0,0,2202,0,2,141,5
Kobus leche,NA,NA,NA,NA,NA,NA,NA,NA,NA,NA,NA,NA,NA,NA,NA,NA,NA,NA,NA,NA,7.892982849,0.374422574,7.18614413,8.649452295,NA,NA,NA,NA,NA,NA,NA,NA,11.14495484,2.104489232,7.813550787,15.96341024,NA,NA,NA,NA,0,0,0,0,0,2201,0,0,82,29
Kobus megaceros,NA,NA,NA,NA,NA,NA,NA,NA,NA,NA,NA,NA,NA,NA,NA,NA,NA,NA,NA,NA,7.185535269,0.269296666,6.673965277,7.734229899,NA,NA,NA,NA,NA,NA,NA,NA,8.10845417,0.914804245,6.498610864,10.0095034,NA,NA,NA,NA,0,0,0,0,0,1139,6,0,65,12
Lama glama,NA,NA,NA,NA,NA,NA,NA,NA,NA,NA,NA,NA,NA,NA,NA,NA,NA,NA,NA,NA,14.54799479,0.363625318,13.85553936,15.28509178,NA,NA,NA,NA,NA,NA,NA,NA,13.51282891,0.803434133,12.06697304,15.1636826,15.1796048,1.855905685,11.87078749,19.12081763,0,0,0,0,0,4493,0,0,217,35
Lama guanicoe,NA,NA,NA,NA,NA,NA,NA,NA,NA,NA,NA,NA,NA,NA,NA,NA,NA,NA,NA,NA,11.55112257,0.421436145,10.73954108,12.41202948,NA,NA,NA,NA,NA,NA,NA,NA,13.76014184,1.57702902,10.83356351,17.0005835,NA,NA,NA,NA,0,0,0,0,0,1484,0,0,71,12
Lemur catta,15.10501753,0.236411539,14.65118344,15.57032903,18.251295,1.082251644,16.23149728,20.46028172,NA,NA,NA,NA,14.69457786,1.689385151,11.64573207,18.23240282,15.23377807,1.369001306,12.68263842,18.11445767,16.79721924,0.307295356,16.22063419,17.42777695,14.6352862,3.782103839,8.697434309,23.14096862,NA,NA,NA,NA,17.98876824,1.109786385,15.96710081,20.21128187,16.15315645,2.891376368,11.37290686,22.50116467,5335,383,1,48,79,6379,46,0,404,30
Leontopithecus chrysomelas,7.87951493,0.293995203,7.326946105,8.473365083,10.99243495,1.175920334,8.818403267,13.5029623,NA,NA,NA,NA,NA,NA,NA,NA,8.608505876,1.019078097,6.726446565,10.72188435,NA,NA,NA,NA,NA,NA,NA,NA,NA,NA,NA,NA,NA,NA,NA,NA,NA,NA,NA,NA,703,73,0,16,41,0,0,0,0,0
Leontopithecus rosalia,9.221888221,0.30133493,8.642210918,9.813519124,10.70472702,0.916178206,9.037860811,12.57994004,NA,NA,NA,NA,NA,NA,NA,NA,8.939351826,0.779867099,7.520006451,10.53146367,NA,NA,NA,NA,NA,NA,NA,NA,NA,NA,NA,NA,NA,NA,NA,NA,NA,NA,NA,NA,914,130,0,17,77,0,0,0,0,0
Leptailurus serval,12.62698946,0.428382011,11.81020995,13.48980273,NA,NA,NA,NA,NA,NA,NA,NA,13.47231804,1.87969146,10.15308295,17.41755715,NA,NA,NA,NA,12.11248276,0.3806544,11.38914209,12.88406924,NA,NA,NA,NA,NA,NA,NA,NA,14.04799255,1.278853371,11.73372602,16.68798576,NA,NA,NA,NA,1399,25,0,44,15,1441,5,0,71,6
Lycaon pictus,7.119583454,0.189952356,6.75718221,7.502504851,5.740810673,0.58791421,4.6991258,7.028932978,NA,NA,NA,NA,5.742179838,0.477213041,4.882205441,6.721272235,6.043725237,0.474688007,5.184340525,7.030955138,8.050758974,0.172603147,7.723028032,8.390949888,8.69961859,0.682296409,7.434883305,10.11231088,NA,NA,NA,NA,6.246736749,0.841419661,4.809379966,8.130418747,7.318801388,0.604232556,6.2220137,8.596322872,1474,84,1,94,82,1774,73,0,46,54
Lynx lynx,13.56197579,0.325475315,12.91979473,14.20273997,15.79733037,2.546825747,11.40366479,21.41691604,NA,NA,NA,NA,NA,NA,NA,NA,NA,NA,NA,NA,14.06307738,0.314272369,13.45614332,14.69230202,NA,NA,NA,NA,NA,NA,NA,NA,12.27184354,0.906623571,10.60113236,14.09761019,NA,NA,NA,NA,1415,38,1,12,16,1349,17,1,61,14
Lynx rufus,15.82829356,0.374585836,15.09531308,16.55133906,NA,NA,NA,NA,NA,NA,NA,NA,17.11133017,1.003185781,15.21090117,19.13882377,NA,NA,NA,NA,14.09390149,0.36675248,13.36087607,14.78877785,NA,NA,NA,NA,NA,NA,NA,NA,16.78086101,0.788212288,15.30187491,18.37763723,NA,NA,NA,NA,828,3,0,54,6,784,1,0,94,10
Macaca fascicularis,21.54074406,0.764414882,20.18685881,23.1556858,19.34826838,2.712755688,14.4426081,25.17446178,NA,NA,NA,NA,22.47305541,2.429129659,18.10697625,27.75303776,NA,NA,NA,NA,13.48323583,0.804334166,12.09046027,15.2048694,NA,NA,NA,NA,NA,NA,NA,NA,15.3597145,3.056934877,10.51349125,22.87074859,NA,NA,NA,NA,1408,72,0,88,7,1008,2,0,93,4
Macaca fuscata,16.99736775,0.4311484,16.1577688,17.85817255,18.79401275,1.378837805,16.24431565,21.76527241,NA,NA,NA,NA,28.3107162,3.557428235,22.0006874,36.00520403,17.73360652,1.572601567,14.854576,20.90902475,13.80569744,0.49907741,12.87060273,14.83257948,NA,NA,NA,NA,NA,NA,NA,NA,17.75824643,1.58497439,14.92457192,21.22642583,17.4617439,3.037908239,12.25743969,24.04051607,1325,125,7,76,57,1315,6,0,142,31
Macaca leonina,NA,NA,NA,NA,NA,NA,NA,NA,NA,NA,NA,NA,NA,NA,NA,NA,NA,NA,NA,NA,14.81063957,2.889601189,10.22560882,21.17711264,NA,NA,NA,NA,NA,NA,NA,NA,13.28587309,3.525262043,8.020893146,21.474794,NA,NA,NA,NA,0,0,0,0,0,66,0,0,41,0
Macaca mulatta,18.10682094,0.529772889,17.06430262,19.15501346,NA,NA,NA,NA,NA,NA,NA,NA,25.87354299,3.947950785,18.42286487,33.71042507,NA,NA,NA,NA,14.24130163,0.703058916,12.9545563,15.66300209,NA,NA,NA,NA,NA,NA,NA,NA,21.62975639,1.971348319,18.0316376,25.70297137,NA,NA,NA,NA,1054,17,0,52,4,766,1,0,110,8
Macaca nemestrina,NA,NA,NA,NA,NA,NA,NA,NA,NA,NA,NA,NA,NA,NA,NA,NA,NA,NA,NA,NA,16.97333955,1.183589782,14.95913766,19.50456006,NA,NA,NA,NA,NA,NA,NA,NA,21.83219415,4.177242056,15.01496741,31.23437445,NA,NA,NA,NA,0,0,0,0,0,404,3,0,30,7
Macaca nigra,12.5457063,0.601110898,11.40284071,13.78470711,11.78592527,1.400165663,9.212681742,14.71143777,NA,NA,NA,NA,NA,NA,NA,NA,NA,NA,NA,NA,11.76957259,0.686463256,10.50139476,13.18263324,NA,NA,NA,NA,NA,NA,NA,NA,7.752849461,0.987653298,6.046078123,9.911880332,NA,NA,NA,NA,429,55,1,6,24,482,18,0,68,1
Macaca silenus,17.6647664,0.63967011,16.48379506,18.97479992,18.78211602,2.549051325,14.16852792,24.27558468,NA,NA,NA,NA,NA,NA,NA,NA,NA,NA,NA,NA,14.73101875,0.595629804,13.60507095,15.93698432,NA,NA,NA,NA,NA,NA,NA,NA,15.46689383,1.614836125,12.51006861,18.85484633,NA,NA,NA,NA,578,62,0,19,21,564,28,0,50,11
Macaca sylvanus,13.23301326,0.519239912,12.25309495,14.30714662,16.43441961,1.283602966,14.17183887,19.07326814,NA,NA,NA,NA,NA,NA,NA,NA,NA,NA,NA,NA,11.54548097,0.624050978,10.43033428,12.89614848,NA,NA,NA,NA,NA,NA,NA,NA,15.94806582,1.527787723,13.35349828,19.39219912,NA,NA,NA,NA,855,213,0,17,24,781,20,1,240,10
Macaca tonkeana,15.37933389,1.436798354,12.71627253,18.30011917,9.9499713,2.042694288,6.30334067,14.32457053,NA,NA,NA,NA,NA,NA,NA,NA,NA,NA,NA,NA,12.81128117,1.110480961,10.74826854,15.0415918,NA,NA,NA,NA,NA,NA,NA,NA,13.36526908,2.13721565,9.368254576,17.76336256,NA,NA,NA,NA,93,37,0,5,0,88,0,0,33,1
Macropus eugenii,NA,NA,NA,NA,NA,NA,NA,NA,NA,NA,NA,NA,NA,NA,NA,NA,NA,NA,NA,NA,4.603123849,0.2005302,4.229841895,5.00240996,NA,NA,NA,NA,NA,NA,NA,NA,6.889153173,1.307049334,4.780591174,9.846769056,NA,NA,NA,NA,0,0,0,0,0,1007,0,0,36,1
Macropus fuliginosus,NA,NA,NA,NA,NA,NA,NA,NA,NA,NA,NA,NA,NA,NA,NA,NA,NA,NA,NA,NA,7.122526359,0.382014226,6.428097235,7.917060743,NA,NA,NA,NA,NA,NA,NA,NA,8.454530233,1.110872499,6.574924416,10.92149577,NA,NA,NA,NA,0,0,0,0,0,887,0,0,79,10
Macropus giganteus,NA,NA,NA,NA,NA,NA,NA,NA,NA,NA,NA,NA,NA,NA,NA,NA,NA,NA,NA,NA,4.025900318,0.195776663,3.652257174,4.419923637,NA,NA,NA,NA,NA,NA,NA,NA,9.138850607,1.063462538,7.320070193,11.53390564,NA,NA,NA,NA,0,0,0,0,0,1993,0,0,147,5
Macropus parma,NA,NA,NA,NA,NA,NA,NA,NA,NA,NA,NA,NA,NA,NA,NA,NA,NA,NA,NA,NA,4.953852345,0.185738863,4.613880829,5.35932636,NA,NA,NA,NA,NA,NA,NA,NA,6.589587028,1.202290961,4.696092064,9.382060653,NA,NA,NA,NA,0,0,0,0,0,1442,0,0,40,17
Macropus robustus,NA,NA,NA,NA,NA,NA,NA,NA,NA,NA,NA,NA,NA,NA,NA,NA,NA,NA,NA,NA,6.372031939,0.360449987,5.716602918,7.109558455,NA,NA,NA,NA,NA,NA,NA,NA,6.719408295,1.042097366,4.972588832,9.007412391,NA,NA,NA,NA,0,0,0,0,0,560,0,0,33,16
Macropus rufogriseus,NA,NA,NA,NA,NA,NA,NA,NA,NA,NA,NA,NA,NA,NA,NA,NA,NA,NA,NA,NA,5.746204939,0.116035181,5.529931467,5.981193739,NA,NA,NA,NA,NA,NA,NA,NA,7.03223099,0.40138633,6.308490702,7.849352461,4.347809465,0.612965724,3.30525079,5.695592877,0,0,0,0,0,6934,0,0,586,65
Macropus rufus,7.006531565,0.10565284,6.798212879,7.211773556,6.713741565,0.931392958,5.121917163,8.778824215,NA,NA,NA,NA,NA,NA,NA,NA,NA,NA,NA,NA,5.423208486,0.122906425,5.185697018,5.663209872,NA,NA,NA,NA,NA,NA,NA,NA,6.666488769,0.382158831,5.940946016,7.453707552,NA,NA,NA,NA,4520,39,0,4,21,3879,2,1,242,27
Mephitis mephitis,5.656330459,0.150365643,5.365839537,5.95987399,NA,NA,NA,NA,NA,NA,NA,NA,7.511855486,0.719212455,6.218594713,8.992782769,NA,NA,NA,NA,5.538019358,0.191278943,5.175696308,5.927847029,NA,NA,NA,NA,NA,NA,NA,NA,5.810099509,0.4425133,5.007417822,6.736324462,NA,NA,NA,NA,1015,7,0,41,5,996,4,0,128,12
Mungos mungo,NA,NA,NA,NA,NA,NA,NA,NA,NA,NA,NA,NA,NA,NA,NA,NA,NA,NA,NA,NA,9.288758833,0.283300316,8.747458925,9.870821676,NA,NA,NA,NA,NA,NA,NA,NA,9.314771275,1.648911208,6.54593634,12.95754098,NA,NA,NA,NA,0,0,0,0,0,1415,9,0,46,19
Muntiacus reevesi,8.722135698,0.193094124,8.350970838,9.114512812,9.490200735,1.385045158,7.110202603,12.58032072,NA,NA,NA,NA,NA,NA,NA,NA,NA,NA,NA,NA,7.989441122,0.23614597,7.543167239,8.456230219,NA,NA,NA,NA,NA,NA,NA,NA,12.85712199,1.430778028,10.27755371,15.9401265,NA,NA,NA,NA,2343,33,1,11,11,2288,13,0,83,24
Mustela nigripes,5.146372154,0.09984293,4.95289126,5.346577481,NA,NA,NA,NA,NA,NA,NA,NA,5.103812803,0.258320518,4.606957096,5.616410674,NA,NA,NA,NA,4.511578332,0.086555119,4.344422632,4.685685774,NA,NA,NA,NA,NA,NA,NA,NA,4.31420222,0.201268813,3.933958683,4.716343739,NA,NA,NA,NA,2502,0,0,56,10,2560,0,0,79,9
Mustela putorius,5.355066129,0.116397045,5.130204317,5.590448346,3.988973511,0.64533152,2.90954267,5.441878264,NA,NA,NA,NA,6.268069283,0.333407301,5.647140902,6.975120371,6.584719168,0.824746329,5.092418394,8.31698703,5.050088829,0.108501397,4.835939739,5.266685966,NA,NA,NA,NA,NA,NA,NA,NA,4.755263312,0.209377436,4.357394282,5.18820665,4.584781923,0.635235943,3.461868156,5.952436375,1824,35,0,229,38,2014,11,0,383,36
Myocastor coypus,NA,NA,NA,NA,NA,NA,NA,NA,NA,NA,NA,NA,NA,NA,NA,NA,NA,NA,NA,NA,2.672101052,0.150916324,2.391033069,2.983903641,NA,NA,NA,NA,NA,NA,NA,NA,2.989839033,0.611512543,2.000958442,4.395144794,NA,NA,NA,NA,0,0,0,0,0,710,0,0,41,2
Nasua narica,NA,NA,NA,NA,NA,NA,NA,NA,NA,NA,NA,NA,NA,NA,NA,NA,NA,NA,NA,NA,9.835224713,0.522690559,8.856997317,10.91442738,NA,NA,NA,NA,NA,NA,NA,NA,9.667393833,0.965710178,7.946577048,11.74955657,NA,NA,NA,NA,0,0,0,0,0,378,0,0,57,17
Nasua nasua,9.597843278,0.187475866,9.24235705,9.968160391,9.685037392,1.356470375,7.315213816,12.71294106,NA,NA,NA,NA,10.32715863,1.569529922,7.703305657,13.81675607,8.077432037,0.915626926,6.457440806,10.04048404,8.802785036,0.25782233,8.301081179,9.314483401,NA,NA,NA,NA,NA,NA,NA,NA,10.01954014,0.719114238,8.698595704,11.48979984,8.762153308,1.478814325,6.356210172,12.01582625,2776,37,0,40,35,2229,12,0,239,35
Neofelis nebulosa,NA,NA,NA,NA,NA,NA,NA,NA,NA,NA,NA,NA,NA,NA,NA,NA,NA,NA,NA,NA,NA,NA,NA,NA,NA,NA,NA,NA,NA,NA,NA,NA,NA,NA,NA,NA,NA,NA,NA,NA,0,0,0,0,0,0,0,0,0,0
Nyctereutes procyonoides,NA,NA,NA,NA,NA,NA,NA,NA,NA,NA,NA,NA,NA,NA,NA,NA,NA,NA,NA,NA,9.143611854,0.401188659,8.392826797,9.970768903,NA,NA,NA,NA,NA,NA,NA,NA,7.866606475,1.396266099,5.513677758,10.97746179,NA,NA,NA,NA,0,0,0,0,0,519,1,4,35,2
Octodon degus,4.347446973,0.19742402,3.982492396,4.745988128,5.85846261,0.947458,4.288529627,7.990575649,NA,NA,NA,NA,NA,NA,NA,NA,NA,NA,NA,NA,3.619307416,0.173999853,3.288752091,3.979039813,NA,NA,NA,NA,NA,NA,NA,NA,3.408082993,0.327952835,2.815074475,4.098623637,NA,NA,NA,NA,807,85,0,2,0,670,0,0,187,6
Odocoileus virginianus,NA,NA,NA,NA,NA,NA,NA,NA,NA,NA,NA,NA,NA,NA,NA,NA,NA,NA,NA,NA,8.171326264,0.287848032,7.631104933,8.769125496,NA,NA,NA,NA,NA,NA,NA,NA,10.43038042,0.953912596,8.696825754,12.4226304,NA,NA,NA,NA,0,0,0,0,0,2429,0,0,115,5
Oryctolagus cuniculus,4.762093604,0.08974369,4.589870952,4.940960368,NA,NA,NA,NA,NA,NA,NA,NA,6.514542619,0.378912396,5.824265533,7.309558939,6.27615325,0.99036626,4.626713058,8.55871379,5.467443331,0.129351541,5.222088156,5.72432586,NA,NA,NA,NA,NA,NA,NA,NA,6.094603828,0.266965582,5.602327079,6.641752139,4.990912264,0.689673733,3.786308378,6.557058598,4061,1,0,481,37,2762,3,0,831,58
Oryx dammah,NA,NA,NA,NA,NA,NA,NA,NA,NA,NA,NA,NA,NA,NA,NA,NA,NA,NA,NA,NA,8.691098156,0.187161915,8.341720368,9.074187225,NA,NA,NA,NA,NA,NA,NA,NA,12.44110423,0.842842438,10.90352399,14.21117917,NA,NA,NA,NA,0,0,0,0,0,3999,6,4,168,21
Oryx gazella,NA,NA,NA,NA,NA,NA,NA,NA,NA,NA,NA,NA,NA,NA,NA,NA,NA,NA,NA,NA,8.477000949,0.329249682,7.861284618,9.154719937,NA,NA,NA,NA,NA,NA,NA,NA,11.90675116,1.323355058,9.440389376,14.57429877,NA,NA,NA,NA,0,0,0,0,0,1517,0,1,34,3
Ovis aries,NA,NA,NA,NA,NA,NA,NA,NA,NA,NA,NA,NA,NA,NA,NA,NA,NA,NA,NA,NA,8.002804958,0.178928843,7.655935927,8.368785696,NA,NA,NA,NA,NA,NA,NA,NA,10.99708085,0.638168467,9.823730324,12.30160619,15.02509213,1.958430633,11.70871869,19.27752143,0,0,0,0,0,13677,1,8,708,129
Ovis canadensis,NA,NA,NA,NA,NA,NA,NA,NA,NA,NA,NA,NA,NA,NA,NA,NA,NA,NA,NA,NA,6.303715889,0.268732761,5.790746397,6.856953895,NA,NA,NA,NA,NA,NA,NA,NA,9.76434693,1.183514086,7.672920631,12.29300038,NA,NA,NA,NA,0,0,0,0,0,873,0,0,32,0
Pan paniscus,49.93059063,22.10526175,27.00939316,109.4205769,33.2576469,16.36680085,15.23824922,77.02657042,NA,NA,NA,NA,NA,NA,NA,NA,NA,NA,NA,NA,NA,NA,NA,NA,NA,NA,NA,NA,NA,NA,NA,NA,NA,NA,NA,NA,NA,NA,NA,NA,121,30,0,0,13,0,0,0,0,0
Pan troglodytes,31.76167289,0.951844026,29.93973538,33.6580716,37.23509744,2.329921597,32.88180342,42.16248384,NA,NA,NA,NA,NA,NA,NA,NA,31.09402666,2.181563711,26.99410123,35.68993562,26.29181703,1.006475301,24.52508792,28.50255691,NA,NA,NA,NA,NA,NA,NA,NA,41.44324902,3.753833074,35.19484175,49.84159516,23.236314,3.826906174,16.51642891,31.63291369,1485,344,0,28,151,1485,8,0,245,30
Panthera leo,13.14261463,0.19579561,12.76284986,13.52629508,15.55769658,0.739427397,14.17093827,17.08943465,NA,NA,NA,NA,13.37566334,0.706378199,12.05392433,14.82674971,12.35607501,0.508815039,11.39752468,13.41673939,14.24373931,0.225686844,13.80465959,14.6759986,NA,NA,NA,NA,NA,NA,NA,NA,12.47679547,0.652684792,11.24416787,13.83602608,11.70288794,1.212477584,9.529794345,14.31476561,4402,393,11,202,206,4598,16,0,223,35
Panthera onca,15.37131326,0.351166532,14.6970554,16.08588973,15.67467015,1.551612435,12.81483097,18.97825114,NA,NA,NA,NA,NA,NA,NA,NA,NA,NA,NA,NA,NA,NA,NA,NA,NA,NA,NA,NA,NA,NA,NA,NA,NA,NA,NA,NA,NA,NA,NA,NA,865,34,0,22,15,0,0,0,0,0
Panthera pardus,14.67835374,0.316110213,14.06890196,15.31534585,15.01557191,2.041355372,11.46767951,19.34539266,NA,NA,NA,NA,13.52060635,1.47304433,10.90829966,16.64804981,11.29426834,1.176753917,9.160220063,13.78918144,15.41387871,0.332799143,14.76561868,16.06267256,NA,NA,NA,NA,NA,NA,NA,NA,12.06734946,1.636328533,9.290642934,15.58934371,NA,NA,NA,NA,1890,39,1,36,34,1977,8,0,31,8
Panthera tigris,12.50581804,0.154833379,12.19968063,12.8136962,12.2804281,0.781856703,10.84660027,13.89416711,NA,NA,NA,NA,12.219745,0.719628982,10.87557364,13.70252308,10.60921535,0.607243869,9.507378736,11.86242865,12.57108699,0.17097441,12.24336998,12.91852015,NA,NA,NA,NA,NA,NA,NA,NA,10.92761051,0.616159056,9.760717164,12.16620661,10.55498429,0.885308126,8.925615892,12.43569237,4387,139,3,96,98,4175,26,1,126,49
Panthera uncia,12.33103327,0.233036775,11.88258549,12.79331657,NA,NA,NA,NA,NA,NA,NA,NA,NA,NA,NA,NA,12.40335762,0.768761675,10.98738836,13.94793567,NA,NA,NA,NA,NA,NA,NA,NA,NA,NA,NA,NA,NA,NA,NA,NA,NA,NA,NA,NA,1022,21,1,20,42,0,0,0,0,0
Papio anubis,NA,NA,NA,NA,NA,NA,NA,NA,NA,NA,NA,NA,NA,NA,NA,NA,NA,NA,NA,NA,14.33989522,1.348003621,12.03190987,17.3565923,NA,NA,NA,NA,NA,NA,NA,NA,31.03810609,9.31552467,19.79115146,55.75921988,NA,NA,NA,NA,0,0,0,0,0,248,0,0,53,0
Papio hamadryas,14.97273115,0.315666044,14.36235793,15.56988628,19.73350449,0.876382141,18.0545544,21.50130096,NA,NA,NA,NA,19.32339055,1.011507084,17.43932408,21.42134662,17.69406268,1.137709163,15.58258097,19.94335499,12.20801596,0.320394674,11.60025741,12.84800775,NA,NA,NA,NA,NA,NA,NA,NA,17.55631957,0.984923173,15.71956274,19.61065511,15.9051798,1.631428715,12.99765967,19.37865833,2204,297,0,172,87,2324,7,0,244,70
Papio papio,15.79413634,0.736991531,14.4425268,17.30806895,15.58897807,2.024507179,11.9455232,19.91054433,NA,NA,NA,NA,NA,NA,NA,NA,NA,NA,NA,NA,12.38542662,0.637323154,11.19506409,13.67688912,NA,NA,NA,NA,NA,NA,NA,NA,11.2451079,1.883884318,7.896721679,15.36370128,NA,NA,NA,NA,445,39,0,20,5,479,21,0,39,1
Pecari tajacu,NA,NA,NA,NA,NA,NA,NA,NA,NA,NA,NA,NA,NA,NA,NA,NA,NA,NA,NA,NA,10.0552619,0.350588889,9.387369416,10.75883627,NA,NA,NA,NA,NA,NA,NA,NA,17.43877017,1.583637396,14.51487031,20.75939475,NA,NA,NA,NA,0,0,0,0,0,1601,0,0,94,8
Petaurus breviceps,NA,NA,NA,NA,NA,NA,NA,NA,NA,NA,NA,NA,NA,NA,NA,NA,NA,NA,NA,NA,7.824389263,0.227117036,7.400030196,8.271017282,NA,NA,NA,NA,NA,NA,NA,NA,6.818932666,0.661055452,5.613827188,8.231284167,NA,NA,NA,NA,0,0,0,0,0,1582,0,0,108,2
Petrogale xanthopus,5.918714487,0.198381031,5.53113191,6.322779931,6.268579074,0.865538787,4.735427453,8.10292734,NA,NA,NA,NA,NA,NA,NA,NA,NA,NA,NA,NA,4.167849273,0.17355708,3.827723588,4.506154682,NA,NA,NA,NA,NA,NA,NA,NA,6.390685286,0.659829872,5.195590422,7.778905389,NA,NA,NA,NA,984,37,5,0,2,1022,6,0,42,1
Phacochoerus africanus,9.417448869,0.32441266,8.801319647,10.06094491,10.11042548,1.18592609,8.012188372,12.58659771,NA,NA,NA,NA,NA,NA,NA,NA,NA,NA,NA,NA,8.566517142,0.314471779,7.963575932,9.19723907,NA,NA,NA,NA,NA,NA,NA,NA,8.611735874,1.256183427,6.392699956,11.27530469,NA,NA,NA,NA,630,42,13,8,8,687,6,1,31,5
Phascolarctos cinereus,NA,NA,NA,NA,NA,NA,NA,NA,NA,NA,NA,NA,NA,NA,NA,NA,NA,NA,NA,NA,4.855411601,0.138581858,4.585932358,5.131173244,NA,NA,NA,NA,NA,NA,NA,NA,10.92274438,1.72235142,7.992690319,14.60217246,NA,NA,NA,NA,0,0,0,0,0,2317,0,0,38,29
Pithecia pithecia,10.01403309,0.587100131,8.947702752,11.22624871,15.80923894,2.416155528,11.72203617,21.0491266,NA,NA,NA,NA,NA,NA,NA,NA,14.86740888,2.22589353,11.17457854,19.69927093,13.56630399,0.769339835,12.28893759,15.24718138,NA,NA,NA,NA,NA,NA,NA,NA,16.48736584,3.240349346,11.209895,23.79629935,NA,NA,NA,NA,578,76,0,5,38,750,17,0,50,0
Pongo abelii,27.94272962,2.351116063,24.35877744,33.22332788,36.2727624,6.061413012,26.7809269,50.70617529,NA,NA,NA,NA,NA,NA,NA,NA,NA,NA,NA,NA,NA,NA,NA,NA,NA,NA,NA,NA,NA,NA,NA,NA,NA,NA,NA,NA,NA,NA,NA,NA,370,59,0,5,16,0,0,0,0,0
Pongo pygmaeus,28.58892525,2.221193564,24.93717967,33.52113256,40.13173916,6.273614386,30.90278657,56.05579474,NA,NA,NA,NA,NA,NA,NA,NA,37.51246223,6.34684537,27.93524288,51.6443019,NA,NA,NA,NA,NA,NA,NA,NA,NA,NA,NA,NA,NA,NA,NA,NA,NA,NA,NA,NA,472,113,0,6,31,0,0,0,0,0
Potamochoerus porcus,9.337990979,0.308701732,8.742280994,9.960010263,9.090068191,0.969373791,7.301015264,11.11315517,NA,NA,NA,NA,NA,NA,NA,NA,NA,NA,NA,NA,9.51624926,0.330642064,8.879507704,10.19499967,NA,NA,NA,NA,NA,NA,NA,NA,10.64711512,1.241570142,8.447891979,13.32327683,NA,NA,NA,NA,824,45,1,3,7,759,9,9,48,2
Potos flavus,NA,NA,NA,NA,NA,NA,NA,NA,NA,NA,NA,NA,NA,NA,NA,NA,NA,NA,NA,NA,21.56222758,1.090745904,19.48370188,23.71504433,NA,NA,NA,NA,NA,NA,NA,NA,28.7957686,4.010144042,21.54937449,37.00664191,NA,NA,NA,NA,0,0,0,0,0,458,1,0,31,2
Procavia capensis,NA,NA,NA,NA,NA,NA,NA,NA,NA,NA,NA,NA,NA,NA,NA,NA,NA,NA,NA,NA,4.073467929,0.130241347,3.824901401,4.334930876,5.512406367,0.837673823,4.103456737,7.363783069,NA,NA,NA,NA,4.324005664,0.614370541,3.2389571,5.659692803,NA,NA,NA,NA,0,0,0,0,0,1457,74,1,43,2
Procyon lotor,10.74295307,0.240549505,10.27001556,11.232783,NA,NA,NA,NA,NA,NA,NA,NA,11.99441501,0.917524729,10.31801478,13.85007815,NA,NA,NA,NA,9.226102147,0.253396952,8.736872862,9.737594997,NA,NA,NA,NA,NA,NA,NA,NA,11.78772675,0.679193585,10.54570678,13.19851393,8.897903207,1.079294202,6.986383464,11.16935355,2351,14,0,289,25,2259,9,1,478,52
Propithecus coquereli,6.343551439,1.193110104,4.220932457,8.89322553,13.35102814,1.36358144,10.64236009,15.9490757,NA,NA,NA,NA,NA,NA,NA,NA,NA,NA,NA,NA,NA,NA,NA,NA,NA,NA,NA,NA,NA,NA,NA,NA,NA,NA,NA,NA,NA,NA,NA,NA,42,41,0,0,0,0,0,0,0,0
Pseudocheirus peregrinus,NA,NA,NA,NA,NA,NA,NA,NA,NA,NA,NA,NA,NA,NA,NA,NA,NA,NA,NA,NA,0.113714149,0.004304644,0.106821963,0.123506266,NA,NA,NA,NA,NA,NA,NA,NA,4.757409299,0.905847654,3.139908023,6.608219324,NA,NA,NA,NA,0,0,0,0,0,1317,0,0,33,1
Pteropus rodricensis,11.34290398,0.331896451,10.71366768,11.98591917,13.49984744,1.646100975,10.61382931,16.99368189,NA,NA,NA,NA,NA,NA,NA,NA,NA,NA,NA,NA,NA,NA,NA,NA,NA,NA,NA,NA,NA,NA,NA,NA,NA,NA,NA,NA,NA,NA,NA,NA,1226,113,0,26,14,0,0,0,0,0
Puma concolor,12.67571032,0.248114196,12.18020183,13.14950706,NA,NA,NA,NA,NA,NA,NA,NA,14.84360529,0.864492303,13.22453706,16.64012557,NA,NA,NA,NA,11.5641566,0.240496305,11.08701535,12.0478521,NA,NA,NA,NA,NA,NA,NA,NA,13.67805427,0.68351614,12.36308949,15.04377845,NA,NA,NA,NA,1265,11,0,82,28,1163,0,0,94,17
Rangifer tarandus,NA,NA,NA,NA,NA,NA,NA,NA,NA,NA,NA,NA,NA,NA,NA,NA,NA,NA,NA,NA,5.754661031,0.171010458,5.427105155,6.094932566,NA,NA,NA,NA,NA,NA,NA,NA,8.113363466,0.978224427,6.365773069,10.1924578,NA,NA,NA,NA,0,0,0,0,0,3302,9,0,87,15
Rattus norvegicus,1.898527118,0.039496809,1.822993785,1.97806983,NA,NA,NA,NA,NA,NA,NA,NA,2.015256287,0.172656108,1.698521387,2.374572994,NA,NA,NA,NA,1.798172425,0.043100131,1.715207745,1.882076211,NA,NA,NA,NA,NA,NA,NA,NA,1.75706886,0.116629858,1.545963946,1.998477329,NA,NA,NA,NA,2473,5,0,134,0,1435,0,0,158,2
Rousettus aegyptiacus,NA,NA,NA,NA,NA,NA,NA,NA,NA,NA,NA,NA,NA,NA,NA,NA,NA,NA,NA,NA,9.055238501,0.226750194,8.613805466,9.497618613,NA,NA,NA,NA,NA,NA,NA,NA,5.896706232,0.370871664,5.207804543,6.65192034,NA,NA,NA,NA,0,0,0,0,0,1474,0,0,165,1
Saguinus bicolor,7.99596003,0.685733899,6.778506754,9.485682582,13.69050838,2.550557212,9.928938648,20.17985666,NA,NA,NA,NA,NA,NA,NA,NA,NA,NA,NA,NA,NA,NA,NA,NA,NA,NA,NA,NA,NA,NA,NA,NA,NA,NA,NA,NA,NA,NA,NA,NA,206,54,0,6,10,0,0,0,0,0
Saguinus imperator,7.118595755,0.208168535,6.735722417,7.534360367,8.708154384,0.880537307,7.112197639,10.49024229,NA,NA,NA,NA,NA,NA,NA,NA,NA,NA,NA,NA,8.25135592,0.231016703,7.809695643,8.712230855,8.401989613,1.626909108,5.647119873,11.9877346,NA,NA,NA,NA,NA,NA,NA,NA,NA,NA,NA,NA,1023,76,2,14,17,1222,30,0,4,7
Saguinus oedipus,9.482198236,0.219246851,9.071584196,9.933676607,12.16228552,1.08191144,10.17971099,14.45540764,NA,NA,NA,NA,NA,NA,NA,NA,10.33565815,0.892689344,8.720386988,12.19623889,10.48823693,0.202970014,10.10606413,10.899254,12.77528608,3.092936517,8.002573352,20.14160079,NA,NA,NA,NA,11.74420491,1.282316811,9.431581687,14.4344125,NA,NA,NA,NA,2958,172,1,27,94,3490,30,0,97,16
Saimiri boliviensis,12.65058627,0.287225706,12.10957089,13.23057502,10.17974032,1.996881591,6.784169293,14.53156876,NA,NA,NA,NA,NA,NA,NA,NA,11.84821785,1.520556477,9.151833683,15.12342945,12.06258223,0.494851348,11.20093598,13.16568536,NA,NA,NA,NA,NA,NA,NA,NA,10.12505734,1.380577946,7.80345733,13.15823676,13.75504779,2.124475588,10.17070489,18.40503888,1801,40,0,17,34,1598,16,0,115,49
Saimiri sciureus,11.38138544,0.223913345,10.94102444,11.83030426,16.82241672,2.668936859,12.21213998,22.60857701,NA,NA,NA,NA,13.43956841,2.604248902,9.028334377,19.29372017,NA,NA,NA,NA,9.899513107,0.302450724,9.33347224,10.51943691,NA,NA,NA,NA,NA,NA,NA,NA,13.98735981,1.898319953,10.61743054,17.99859636,NA,NA,NA,NA,3541,60,3,31,6,3099,0,0,119,0
Sapajus apella,23.05825459,0.67667292,21.80220042,24.45472373,45.4914643,11.27161263,28.10167715,72.2754861,NA,NA,NA,NA,NA,NA,NA,NA,NA,NA,NA,NA,21.62767165,0.577142103,20.52543282,22.75711672,NA,NA,NA,NA,NA,NA,NA,NA,20.70028023,2.044485343,16.88064127,24.97598409,NA,NA,NA,NA,1524,39,0,26,15,1781,12,0,103,11
Sapajus xanthosternos,20.89094917,5.575709701,13.97873556,35.58246514,36.63972082,18.91874033,19.96015978,86.06240979,NA,NA,NA,NA,NA,NA,NA,NA,NA,NA,NA,NA,17.48785291,2.833399576,13.52164937,24.75093225,NA,NA,NA,NA,NA,NA,NA,NA,27.67255757,11.44199868,15.53363063,59.13442655,NA,NA,NA,NA,80,52,0,2,3,173,10,0,47,0
Suricata suricatta,8.102431122,0.104868552,7.905343051,8.309187358,9.203310012,0.578292995,8.131363299,10.4117115,NA,NA,NA,NA,7.248072497,0.696158953,6.024876816,8.746599155,7.236917213,0.714793638,5.956528454,8.763129355,8.552278231,0.091257654,8.372969376,8.731565907,8.349807394,1.278917909,6.191322043,11.16392107,NA,NA,NA,NA,8.659917752,0.392396145,7.934703871,9.448443561,7.492461123,0.641542346,6.33192435,8.822417217,5887,209,1,76,51,6746,45,2,261,58
Sus scrofa,9.31051068,0.157602513,9.009131899,9.630237196,NA,NA,NA,NA,NA,NA,NA,NA,10.82476117,1.182695224,8.781881369,13.32798565,NA,NA,NA,NA,9.180336052,0.241763238,8.720911065,9.679133059,NA,NA,NA,NA,NA,NA,NA,NA,10.92821501,0.638987003,9.712516975,12.24167857,9.45465375,1.107220894,7.50642228,11.82780038,7430,23,0,64,2,5590,8,15,704,107
Symphalangus syndactylus,18.70125005,1.554441451,16.11708316,22.21052238,33.36192217,8.040764255,23.5622106,54.17375941,NA,NA,NA,NA,NA,NA,NA,NA,NA,NA,NA,NA,NA,NA,NA,NA,NA,NA,NA,NA,NA,NA,NA,NA,NA,NA,NA,NA,NA,NA,NA,NA,364,74,0,6,24,0,0,0,0,0
Tapirus terrestris,15.38615946,0.624942343,14.23297404,16.71491624,17.54892212,3.118394593,12.3315615,24.34176703,NA,NA,NA,NA,NA,NA,NA,NA,NA,NA,NA,NA,15.09289051,0.626024727,13.92624725,16.38979054,NA,NA,NA,NA,NA,NA,NA,NA,18.33939338,4.661845183,10.97294426,29.17147994,NA,NA,NA,NA,724,47,7,1,9,817,14,17,52,2
Theropithecus gelada,17.96473402,0.677666746,16.6846374,19.32380958,21.04535266,6.016710498,11.66699267,35.50063668,NA,NA,NA,NA,NA,NA,NA,NA,NA,NA,NA,NA,NA,NA,NA,NA,NA,NA,NA,NA,NA,NA,NA,NA,NA,NA,NA,NA,NA,NA,NA,NA,344,38,0,4,1,0,0,0,0,0
Trachypithecus auratus,10.92841925,0.495716971,9.969153498,11.91492343,8.467832568,1.701121189,5.584343682,12.21055185,NA,NA,NA,NA,NA,NA,NA,NA,NA,NA,NA,NA,NA,NA,NA,NA,NA,NA,NA,NA,NA,NA,NA,NA,NA,NA,NA,NA,NA,NA,NA,NA,441,31,0,6,17,0,0,0,0,0
Trachypithecus cristatus,10.82984616,1.120479628,8.950594991,13.39630215,18.26872969,6.934196195,9.806034795,35.53629967,NA,NA,NA,NA,NA,NA,NA,NA,NA,NA,NA,NA,NA,NA,NA,NA,NA,NA,NA,NA,NA,NA,NA,NA,NA,NA,NA,NA,NA,NA,NA,NA,187,31,0,6,4,0,0,0,0,0
Trachypithecus francoisi,10.95810189,0.979585252,9.125536967,12.97520157,10.90547307,1.937330843,7.572616763,15.03197632,NA,NA,NA,NA,NA,NA,NA,NA,NA,NA,NA,NA,NA,NA,NA,NA,NA,NA,NA,NA,NA,NA,NA,NA,NA,NA,NA,NA,NA,NA,NA,NA,145,40,0,3,22,0,0,0,0,0
Tragelaphus angasii,NA,NA,NA,NA,NA,NA,NA,NA,NA,NA,NA,NA,NA,NA,NA,NA,NA,NA,NA,NA,4.601331135,0.161123129,4.303326887,4.925158543,NA,NA,NA,NA,NA,NA,NA,NA,5.136157587,1.014891326,3.462945721,7.450848944,NA,NA,NA,NA,0,0,0,0,0,2219,4,4,32,0
Tragelaphus oryx,NA,NA,NA,NA,NA,NA,NA,NA,NA,NA,NA,NA,NA,NA,NA,NA,NA,NA,NA,NA,8.789365814,0.176561161,8.447881868,9.149086846,NA,NA,NA,NA,NA,NA,NA,NA,10.13511343,0.641044053,8.943183272,11.44175213,NA,NA,NA,NA,0,0,0,0,0,4043,0,2,166,17
Tragelaphus strepsiceros,8.294139243,0.174795539,7.965224846,8.65047695,6.667266294,0.884811059,5.137586382,8.563413044,NA,NA,NA,NA,NA,NA,NA,NA,NA,NA,NA,NA,5.571586491,0.175494476,5.239984446,5.921345517,NA,NA,NA,NA,NA,NA,NA,NA,5.393082224,0.696497133,4.159788891,6.916965701,NA,NA,NA,NA,2217,34,8,2,15,1982,2,1,52,5
Ursus americanus,NA,NA,NA,NA,NA,NA,NA,NA,NA,NA,NA,NA,NA,NA,NA,NA,NA,NA,NA,NA,18.19017183,0.538303933,17.14066977,19.23608788,NA,NA,NA,NA,NA,NA,NA,NA,19.72909156,1.284738469,17.34800387,22.39175851,NA,NA,NA,NA,0,0,0,0,0,700,1,0,91,19
Ursus arctos,NA,NA,NA,NA,NA,NA,NA,NA,NA,NA,NA,NA,NA,NA,NA,NA,NA,NA,NA,NA,21.21708733,0.634199124,20.02297035,22.51384829,NA,NA,NA,NA,NA,NA,NA,NA,22.42494053,1.59601608,19.59842918,25.80495894,NA,NA,NA,NA,0,0,0,0,0,1305,2,0,142,22
Varecia rubra,17.01441643,0.507435009,16.03705194,18.01039396,19.60620252,1.504145797,16.8967363,22.86527566,NA,NA,NA,NA,NA,NA,NA,NA,15.22118883,1.345824707,12.77528638,17.99977511,NA,NA,NA,NA,NA,NA,NA,NA,NA,NA,NA,NA,NA,NA,NA,NA,NA,NA,NA,NA,724,108,0,15,45,0,0,0,0,0
Varecia variegata,15.69043791,0.401267326,14.925487,16.49321172,17.27984234,1.85416798,13.94083622,21.0819995,NA,NA,NA,NA,NA,NA,NA,NA,12.59928793,1.183858162,10.44077259,15.05951044,15.88169248,0.340501461,15.22664444,16.57677163,NA,NA,NA,NA,NA,NA,NA,NA,17.82973469,1.767946834,14.63366549,21.51555739,NA,NA,NA,NA,1419,91,0,24,59,1913,9,0,60,21
Vicugna pacos,NA,NA,NA,NA,NA,NA,NA,NA,NA,NA,NA,NA,NA,NA,NA,NA,NA,NA,NA,NA,12.98036305,0.30914038,12.38169943,13.59693,NA,NA,NA,NA,NA,NA,NA,NA,13.88757977,0.825454788,12.36808057,15.60779328,13.24753778,1.454645423,10.58457776,16.25676658,0,0,0,0,0,2431,0,1,202,32
Vicugna vicugna,NA,NA,NA,NA,NA,NA,NA,NA,NA,NA,NA,NA,NA,NA,NA,NA,NA,NA,NA,NA,9.754834731,0.575642739,8.738675596,10.97333716,NA,NA,NA,NA,NA,NA,NA,NA,11.96806655,2.761724933,7.560269842,18.24436463,NA,NA,NA,NA,0,0,0,0,0,452,3,0,36,2
Vulpes lagopus,NA,NA,NA,NA,NA,NA,NA,NA,NA,NA,NA,NA,NA,NA,NA,NA,NA,NA,NA,NA,6.938455212,0.259836561,6.434559719,7.462175383,NA,NA,NA,NA,NA,NA,NA,NA,7.595984869,0.92623631,5.959934389,9.561364284,NA,NA,NA,NA,0,0,0,0,0,721,9,0,38,9
Vulpes vulpes,9.336210992,0.264562793,8.827191151,9.859766602,NA,NA,NA,NA,NA,NA,NA,NA,11.00369494,1.775191417,7.939080106,14.79366599,NA,NA,NA,NA,8.833677139,0.25442128,8.346829853,9.34248749,NA,NA,NA,NA,NA,NA,NA,NA,10.31375205,1.023869657,8.409531951,12.41066286,NA,NA,NA,NA,1180,5,0,35,12,1278,0,0,89,9
Vulpes zerda,NA,NA,NA,NA,NA,NA,NA,NA,NA,NA,NA,NA,NA,NA,NA,NA,NA,NA,NA,NA,9.433693183,0.180203102,9.079781046,9.779123224,NA,NA,NA,NA,NA,NA,NA,NA,8.395043435,0.73565758,7.027984956,9.96191063,NA,NA,NA,NA,0,0,0,0,0,960,8,0,39,4
Wallabia bicolor,NA,NA,NA,NA,NA,NA,NA,NA,NA,NA,NA,NA,NA,NA,NA,NA,NA,NA,NA,NA,3.956770747,0.193100884,3.601268814,4.367302859,NA,NA,NA,NA,NA,NA,NA,NA,12.93332946,3.430421781,9.240658185,23.11525052,NA,NA,NA,NA,0,0,0,0,0,941,4,0,80,12
Zalophus californianus,16.65975778,0.338850223,15.99819705,17.31196071,17.68967127,3.300736556,11.80595508,24.53047407,NA,NA,NA,NA,NA,NA,NA,NA,NA,NA,NA,NA,14.33477286,0.43116323,13.48077176,15.17890208,NA,NA,NA,NA,NA,NA,NA,NA,15.56894373,1.203979025,13.29785706,18.02854851,NA,NA,NA,NA,1316,35,3,2,11,1114,14,3,47,13